x,y,z
307.0000,409.6325,265.6442
307.0000,409.9529,265.7974
307.0000,410.3761,266.0638
307.0000,410.7949,266.3374
307.0000,411.2128,266.6122
307.0000,411.6281,266.8910
307.0000,412.0403,267.1744
307.0000,412.4526,267.4577
307.0000,412.8508,267.7605
307.0000,413.2489,268.0633
307.0000,413.6471,268.3661
307.0000,414.0410,268.6744
307.0000,414.4346,268.9831
307.0000,414.8283,269.2917
307.0000,415.2126,269.6117
307.0000,415.5919,269.9379
307.0000,415.9711,270.2641
307.0000,416.3502,270.5904
307.0000,416.7255,270.9211
307.0000,417.1009,271.2518
307.0000,417.4762,271.5824
307.0000,417.8511,271.9136
307.0000,418.2249,272.2460
307.0000,418.5987,272.5784
307.0000,418.9726,272.9108
307.0000,419.3416,273.2484
307.0000,419.7096,273.5873
307.0000,420.0775,273.9262
307.0000,420.4431,274.2676
307.0000,420.8076,274.6102
307.0000,421.1722,274.9527
307.0000,421.5405,275.2912
307.0000,421.9088,275.6296
307.0000,422.2772,275.9680
307.0000,422.6458,276.3062
307.0000,423.0145,276.6443
307.0000,423.3835,276.9819
307.0000,423.7526,277.3196
307.0000,424.1089,277.6707
307.0000,424.4650,278.0220
307.0000,424.8184,278.3760
307.0000,425.1710,278.7308
307.0000,425.5171,279.0919
307.0000,425.8602,279.4559
307.0000,426.2028,279.8204
307.0000,426.5446,280.1857
307.0000,426.8859,280.5513
307.0000,427.2215,280.9223
307.0000,427.5571,281.2933
307.0000,427.8799,281.6753
307.0000,428.2008,282.0590
307.0000,428.5145,282.4486
307.0000,428.8273,282.8390
307.0000,429.1400,283.2294
307.0000,429.4576,283.6159
307.0000,429.7777,284.0003
307.0000,430.1074,284.3764
307.0000,430.4382,284.7517
307.0000,430.7785,285.1183
307.0000,431.1190,285.4847
307.0000,431.4702,285.8409
307.0000,431.8248,286.1937
307.0000,432.1815,286.5443
307.0000,432.5407,286.8925
307.0000,432.8998,287.2407
307.0000,433.2718,287.5751
307.0000,433.6438,287.9095
307.0000,434.0122,288.2479
307.0000,434.3762,288.5909
307.0000,434.7404,288.9339
307.0000,435.1119,289.2688
307.0000,435.4834,289.6038
307.0000,435.8562,289.9374
307.0000,436.2294,290.2704
307.0000,436.5974,290.6093
307.0000,436.9646,290.9490
307.0000,437.3325,291.2879
307.0000,437.7010,291.6261
307.0000,438.0692,291.9648
307.0000,438.4351,292.3058
307.0000,438.8010,292.6469
307.0000,439.1710,292.9835
307.0000,439.5463,293.3142
307.0000,439.9208,293.6458
307.0000,440.2851,293.9886
307.0000,440.6494,294.3313
307.0000,441.0086,294.6793
307.0000,441.3572,295.0381
307.0000,441.7057,295.3970
307.0000,442.0514,295.7585
307.0000,442.3928,296.1241
307.0000,442.7342,296.4897
307.0000,443.0647,296.8650
307.0000,443.3886,297.2462
307.0000,443.7125,297.6273
307.0000,444.0340,298.0106
307.0000,444.3555,298.3939
307.0000,444.6707,298.7821
307.0000,444.9685,299.1839
307.0000,445.2664,299.5858
307.0000,445.5652,299.9869
307.0000,445.8653,300.3872
307.0000,446.1654,300.7874
307.0000,446.4619,301.1902
307.0000,446.7527,301.5972
307.0000,447.0435,302.0042
307.0000,447.3410,302.4062
307.0000,447.6489,302.8005
307.0000,447.9567,303.1948
307.0000,448.2681,303.5862
307.0000,448.5865,303.9720
307.0000,448.9049,304.3578
307.0000,449.2302,304.7377
307.0000,449.5584,305.1152
307.0000,449.8866,305.4927
307.0000,450.2246,305.8615
307.0000,450.5662,306.2268
307.0000,450.9079,306.5922
307.0000,451.2666,306.9406
307.0000,451.6289,307.2855
307.0000,451.9957,307.6256
307.0000,452.3732,307.9537
307.0000,452.7508,308.2818
307.0000,453.1416,308.5940
307.0000,453.5328,308.9058
307.0000,453.9242,309.2173
307.0000,454.3160,309.5283
307.0000,454.7078,309.8393
307.0000,455.1003,310.1494
307.0000,455.4931,310.4591
307.0000,455.8860,310.7687
307.0000,456.2689,311.0904
307.0000,456.6473,311.4175
307.0000,457.0258,311.7446
307.0000,457.4032,312.0729
307.0000,457.7799,312.4021
307.0000,458.1565,312.7313
307.0000,458.5323,313.0614
307.0000,458.9034,313.3968
307.0000,459.2745,313.7322
307.0000,459.6456,314.0676
307.0000,460.0152,314.4048
307.0000,460.3846,314.7421
307.0000,460.7523,315.0811
307.0000,461.1106,315.4302
307.0000,461.4689,315.7792
307.0000,461.8117,316.1433
307.0000,462.1488,316.5129
307.0000,462.4772,316.8902
307.0000,462.8043,317.2686
307.0000,463.1381,317.6412
307.0000,463.4721,318.0135
307.0000,463.8059,318.3861
307.0000,464.1396,318.7588
307.0000,464.4738,319.1310
307.0000,464.8089,319.5023
307.0000,465.1441,319.8737
307.0000,465.4808,320.2436
307.0000,465.8175,320.6135
307.0000,466.1543,320.9834
307.0000,466.4948,321.3499
307.0000,466.8362,321.7154
307.0000,467.1777,322.0810
307.0000,467.5191,322.4466
307.0000,467.8596,322.8130
307.0000,468.2001,323.1794
307.0000,468.5407,323.5458
307.0000,468.8814,323.9120
307.0000,469.2231,324.2774
307.0000,469.5647,324.6428
307.0000,469.9066,325.0079
307.0000,470.2536,325.3682
307.0000,470.6005,325.7286
307.0000,470.9475,326.0889
307.0000,471.2961,326.4477
307.0000,471.6490,326.8022
307.0000,472.0019,327.1567
307.0000,472.3548,327.5112
307.0000,472.7077,327.8657
307.0000,473.0609,328.2199
307.0000,473.4141,328.5742
307.0000,473.7673,328.9284
307.0000,474.1205,329.2827
307.0000,474.4706,329.6399
307.0000,474.8185,329.9993
307.0000,475.1665,330.3587
307.0000,475.5144,330.7180
307.0000,475.8619,331.0778
307.0000,476.2022,331.4445
307.0000,476.5424,331.8112
307.0000,476.8827,332.1779
307.0000,477.2223,332.5451
307.0000,477.5532,332.9203
307.0000,477.8840,333.2955
307.0000,478.2133,333.6720
307.0000,478.5244,334.0637
307.0000,478.8354,334.4554
307.0000,479.1465,334.8472
307.0000,479.4222,335.2645
307.0000,479.6966,335.6827
307.0000,479.9395,336.1187
307.0000,480.1555,336.5699
307.0000,480.3369,337.0344
307.0000,480.4788,337.5141
307.0000,480.6725,337.9750
307.0000,480.8705,338.4344
307.0000,481.0666,338.8946
307.0000,481.2618,339.3551
307.0000,481.4564,339.8159
307.0000,481.6493,340.2774
307.0000,481.8423,340.7389
307.0000,482.0357,341.2003
307.0000,482.2291,341.6616
307.0000,482.4155,342.1258
307.0000,482.5833,342.5952
307.0000,482.6606,343.0895
307.0000,482.7221,343.5859
307.0000,482.6670,344.0803
307.0000,482.5671,344.5704
307.0000,482.4213,345.0489
307.0000,482.2860,345.5304
307.0000,482.1517,346.0123
307.0000,482.0240,346.4959
307.0000,481.9080,346.9824
307.0000,481.7890,347.4683
307.0000,481.6674,347.9535
307.0000,481.5449,348.4385
307.0000,481.4215,348.9233
307.0000,481.2932,349.4067
307.0000,481.1535,349.8870
307.0000,481.0138,350.3673
307.0000,480.8708,350.8467
307.0000,480.7275,351.3259
307.0000,480.5823,351.8046
307.0000,480.4367,352.2832
307.0000,480.3020,352.7648
307.0000,480.1733,353.2482
307.0000,480.0474,353.7323
307.0000,479.9249,354.2173
307.0000,479.7984,354.7013
307.0000,479.6658,355.1836
307.0000,479.5379,355.6672
307.0000,479.4174,356.1526
307.0000,479.2990,356.6386
307.0000,479.1866,357.1261
307.0000,479.0742,357.6135
307.0000,478.9528,358.0988
307.0000,478.8307,358.5838
307.0000,478.7074,359.0686
307.0000,478.5837,359.5533
307.0000,478.4588,360.0377
307.0000,478.3382,360.5231
307.0000,478.2418,361.0139
307.0000,478.1350,361.5025
307.0000,478.0208,361.9895
307.0000,477.9017,362.4754
307.0000,477.7567,362.9534
307.0000,477.5877,363.4242
307.0000,477.3710,363.8749
307.0000,477.1512,364.3242
307.0000,476.9026,364.7583
307.0000,476.6539,365.1923
307.0000,476.3689,365.6028
307.0000,476.0751,366.0077
307.0000,475.7555,366.3912
307.0000,475.4134,366.7561
307.0000,475.0632,367.1127
307.0000,474.6834,367.4383
307.0000,474.3037,367.7638
307.0000,473.9272,368.0932
307.0000,473.5507,368.4225
307.0000,473.1676,368.7442
307.0000,472.7827,369.0636
307.0000,472.3807,369.3613
307.0000,471.9730,369.6509
307.0000,471.5564,369.9278
307.0000,471.1579,370.2301
307.0000,470.7848,370.5623
307.0000,470.4333,370.9180
307.0000,470.0927,371.2843
307.0000,469.7389,371.6377
307.0000,469.3623,371.9661
307.0000,468.9622,372.2650
307.0000,468.5329,372.5216
307.0000,468.0652,372.6974
307.0000,467.6004,372.8817
307.0000,467.1406,373.0785
307.0000,466.6955,373.3068
307.0000,466.2548,373.5431
307.0000,465.8217,373.7935
307.0000,465.4056,374.0708
307.0000,464.9910,374.3507
307.0000,464.5746,374.6279
307.0000,464.1591,374.9063
307.0000,463.7437,375.1851
307.0000,463.3254,375.4594
307.0000,462.9062,375.7322
307.0000,462.4832,375.9991
307.0000,462.0556,376.2587
307.0000,461.6254,376.5137
307.0000,461.1833,376.7477
307.0000,460.7371,376.9729
307.0000,460.2729,377.1594
307.0000,459.8068,377.3408
307.0000,459.3381,377.5157
307.0000,458.9193,377.7878
307.0000,458.5047,378.0676
307.0000,458.0948,378.3543
307.0000,457.7156,378.6784
307.0000,457.3552,379.0253
307.0000,457.0374,379.4101
307.0000,456.7343,379.8080
307.0000,456.4365,380.2096
307.0000,456.1744,380.6357
307.0000,455.9122,381.0617
307.0000,455.6501,381.4877
307.0000,455.4069,381.9248
307.0000,455.1652,382.3628
307.0000,454.9235,382.8007
307.0000,454.7047,383.2499
307.0000,454.5066,383.7092
307.0000,454.3084,384.1685
307.0000,454.1222,384.6324
307.0000,453.9643,385.1070
307.0000,453.8064,385.5817
307.0000,453.6614,386.0600
307.0000,453.5414,386.5456
307.0000,453.4215,387.0313
307.0000,453.3163,387.5203
307.0000,453.2117,388.0094
307.0000,453.0775,388.4913
307.0000,452.9485,388.9745
307.0000,452.8245,389.4590
307.0000,452.6425,389.9249
307.0000,452.4452,390.3845
307.0000,452.2512,390.8455
307.0000,452.0736,391.3131
307.0000,451.9085,391.7850
307.0000,451.7650,392.2642
307.0000,451.6216,392.7434
307.0000,451.4955,393.2274
307.0000,451.3714,393.7120
307.0000,451.2478,394.1967
307.0000,451.1502,394.6873
307.0000,451.0525,395.1779
307.0000,450.9549,395.6685
307.0000,450.8636,396.1603
307.0000,450.7723,396.6521
307.0000,450.6848,397.1446
307.0000,450.6147,397.6399
307.0000,450.5447,398.1352
307.0000,450.4835,398.6316
307.0000,450.4186,399.1274
307.0000,450.3170,399.6172
307.0000,450.1998,400.1028
307.0000,450.0406,400.5770
307.0000,449.8690,401.0466
307.0000,449.6800,401.5097
307.0000,449.4922,401.9734
307.0000,449.3055,402.4375
307.0000,449.1169,402.9008
307.0000,448.9257,403.3630
307.0000,448.7316,403.8240
307.0000,448.5211,404.2778
307.0000,448.3107,404.7316
307.0000,448.0813,405.1761
307.0000,447.8506,405.6199
307.0000,447.6025,406.0538
307.0000,447.3389,406.4790
307.0000,447.0678,406.8991
307.0000,446.7728,407.3030
307.0000,446.4736,407.7038
307.0000,446.1588,408.0925
307.0000,445.8441,408.4814
307.0000,445.5312,408.8717
307.0000,445.2195,409.2629
307.0000,444.9186,409.6624
307.0000,444.6177,410.0620
307.0000,444.3195,410.4636
307.0000,444.0227,410.8663
307.0000,443.7376,411.2773
307.0000,443.4591,411.6927
307.0000,443.1908,412.1149
307.0000,442.9323,412.5431
307.0000,442.6647,412.9655
307.0000,442.3819,413.3777
307.0000,442.0380,413.7410
307.0000,441.6510,414.0554
307.0000,441.2261,414.3122
307.0000,440.7603,414.4945
307.0000,440.2788,414.6269
307.0000,439.7925,414.7439
307.0000,439.2983,414.8109
307.0000,438.7994,414.8473
307.0000,438.3005,414.8837
307.0000,437.8021,414.8571
307.0000,437.3037,414.8142
307.0000,436.8053,414.7713
307.0000,436.3115,414.6995
307.0000,435.8240,414.5874
307.0000,435.3365,414.4752
307.0000,434.8490,414.3631
307.0000,434.3743,414.2107
307.0000,433.9119,414.0200
307.0000,433.4494,413.8294
307.0000,432.9869,413.6388
307.0000,432.5307,413.4360
307.0000,432.1085,413.1678
307.0000,431.6863,412.8995
307.0000,431.2641,412.6312
307.0000,430.8419,412.3630
307.0000,430.4479,412.0576
307.0000,430.0772,411.7218
307.0000,429.7065,411.3859
307.0000,429.3358,411.0501
307.0000,428.9651,410.7142
307.0000,428.6279,410.3468
307.0000,428.3143,409.9571
307.0000,428.0007,409.5674
307.0000,427.6871,409.1777
307.0000,427.3734,408.7880
307.0000,427.0927,408.3756
307.0000,426.8392,407.9443
307.0000,426.5857,407.5131
307.0000,426.3322,407.0819
307.0000,426.0787,406.6506
307.0000,425.8621,406.2003
307.0000,425.6561,405.7445
307.0000,425.4501,405.2886
307.0000,425.2442,404.8328
307.0000,425.0547,404.3702
307.0000,424.8851,403.8996
307.0000,424.7155,403.4290
307.0000,424.5459,402.9585
307.0000,424.3839,402.4852
307.0000,424.2272,402.0102
307.0000,424.0704,401.5352
307.0000,423.9135,401.0602
307.0000,423.7485,400.5880
307.0000,423.5835,400.1157
307.0000,423.4185,399.6435
307.0000,423.2442,399.1746
307.0000,423.0687,398.7062
307.0000,422.8931,398.2378
307.0000,422.7050,397.7744
307.0000,422.5156,397.3114
307.0000,422.3262,396.8484
307.0000,422.1256,396.3902
307.0000,421.9247,395.9320
307.0000,421.7238,395.4739
307.0000,421.5241,395.0153
307.0000,421.3246,394.5566
307.0000,421.1251,394.0979
307.0000,420.9285,393.6379
307.0000,420.7363,393.1761
307.0000,420.5440,392.7143
307.0000,420.3535,392.2518
307.0000,420.1712,391.7860
307.0000,419.9889,391.3202
307.0000,419.8065,390.8544
307.0000,419.6226,390.3892
307.0000,419.4383,389.9242
307.0000,419.2539,389.4592
307.0000,419.0736,388.9926
307.0000,418.9029,388.5224
307.0000,418.7323,388.0522
307.0000,418.5617,387.5820
307.0000,418.3880,387.1129
307.0000,418.2128,386.6443
307.0000,418.0375,386.1758
307.0000,417.8623,385.7073
307.0000,417.6775,385.2425
307.0000,417.4920,384.7779
307.0000,417.3065,384.3134
307.0000,417.1246,383.8474
307.0000,416.9496,383.3788
307.0000,416.7746,382.9102
307.0000,416.5996,382.4416
307.0000,416.4360,381.9690
307.0000,416.2813,381.4933
307.0000,416.1265,381.0176
307.0000,415.9718,380.5419
307.0000,415.8351,380.0609
307.0000,415.7063,379.5775
307.0000,415.5775,379.0942
307.0000,415.4487,378.6108
307.0000,415.3461,378.1215
307.0000,415.2519,377.6302
307.0000,415.1577,377.1389
307.0000,415.0643,376.6475
307.0000,415.0069,376.1506
307.0000,414.9494,375.6537
307.0000,414.8920,375.1568
307.0000,414.8409,374.6592
307.0000,414.7957,374.1611
307.0000,414.7504,373.6629
307.0000,414.7051,373.1647
307.0000,414.6609,372.6665
307.0000,414.6169,372.1682
307.0000,414.5729,371.6699
307.0000,414.5298,371.1715
307.0000,414.4987,370.6723
307.0000,414.4675,370.1730
307.0000,414.4364,369.6738
307.0000,414.4114,369.1742
307.0000,414.3894,368.6745
307.0000,414.3670,368.1748
307.0000,414.3109,367.6777
307.0000,414.2548,367.1806
307.0000,414.1898,366.6847
307.0000,414.1152,366.1901
307.0000,414.0406,365.6955
307.0000,413.9569,365.2023
307.0000,413.8720,364.7094
307.0000,413.7868,364.2164
307.0000,413.7006,363.7237
307.0000,413.6144,363.2310
307.0000,413.5218,362.7395
307.0000,413.4171,362.2503
307.0000,413.3123,361.7612
307.0000,413.2224,361.2692
307.0000,413.1379,360.7762
307.0000,413.0534,360.2831
307.0000,412.9817,359.7881
307.0000,412.9101,359.2930
307.0000,412.8379,358.7980
307.0000,412.7519,358.3053
307.0000,412.6660,357.8125
307.0000,412.5801,357.3197
307.0000,412.4972,356.8264
307.0000,412.4150,356.3329
307.0000,412.3329,355.8395
307.0000,412.2479,355.3466
307.0000,412.1604,354.8541
307.0000,412.0730,354.3615
307.0000,411.9836,353.8694
307.0000,411.8871,353.3786
307.0000,411.7905,352.8877
307.0000,411.6940,352.3969
307.0000,411.5993,351.9057
307.0000,411.5069,351.4141
307.0000,411.4144,350.9225
307.0000,411.3219,350.4309
307.0000,411.2319,349.9389
307.0000,411.1430,349.4466
307.0000,411.0540,348.9544
307.0000,410.9651,348.4621
307.0000,410.8846,347.9684
307.0000,410.8043,347.4747
307.0000,410.7240,346.9810
307.0000,410.6452,346.4870
307.0000,410.5716,345.9922
307.0000,410.4979,345.4974
307.0000,410.4243,345.0027
307.0000,410.3858,344.5040
307.0000,410.3487,344.0051
307.0000,410.3116,343.5063
307.0000,410.2908,343.0065
307.0000,410.2715,342.5067
307.0000,410.2528,342.0068
307.0000,410.2359,341.5069
307.0000,410.2189,341.0069
307.0000,410.2097,340.5068
307.0000,410.2053,340.0066
307.0000,410.1994,339.5065
307.0000,410.1789,339.0067
307.0000,410.1584,338.5069
307.0000,410.1380,338.0071
307.0000,410.1178,337.5072
307.0000,410.0975,337.0074
307.0000,410.0729,336.5078
307.0000,410.0479,336.0082
307.0000,410.0235,335.5086
307.0000,410.0018,335.0088
307.0000,409.9800,334.5091
307.0000,409.9566,334.0094
307.0000,409.9317,333.5098
307.0000,409.9067,333.0102
307.0000,409.8789,332.5108
307.0000,409.8494,332.0114
307.0000,409.8198,331.5121
307.0000,409.8008,331.0122
307.0000,409.7824,330.5123
307.0000,409.7734,330.0123
307.0000,409.7716,329.5120
307.0000,409.7847,329.0122
307.0000,409.8134,328.5128
307.0000,409.8531,328.0143
307.0000,409.9016,327.5164
307.0000,409.9211,327.0170
307.0000,409.9246,326.5168
307.0000,409.9124,326.0169
307.0000,409.8883,325.5173
307.0000,409.8555,325.0182
307.0000,409.8138,324.5198
307.0000,409.7709,324.0214
307.0000,409.7241,323.5234
307.0000,409.6772,323.0253
307.0000,409.6227,322.5281
307.0000,409.5667,322.0310
307.0000,409.5033,321.5349
307.0000,409.4306,321.0400
307.0000,409.3585,320.5450
307.0000,409.2986,320.0484
307.0000,409.2386,319.5518
307.0000,409.1839,319.0546
307.0000,409.1312,318.5571
307.0000,409.0829,318.0592
307.0000,409.0378,317.5611
307.0000,408.9973,317.0625
307.0000,408.9603,316.5637
307.0000,408.9065,316.0665
307.0000,408.8400,315.5708
307.0000,408.7722,315.0752
307.0000,408.7025,314.5798
307.0000,408.6257,314.0855
307.0000,408.5446,313.5935
307.0000,408.1598,313.6738
307.0000,407.8214,314.0422
307.0000,407.5958,314.4858
307.0000,407.4885,314.9717
307.0000,407.5129,315.4687
307.0000,407.6309,315.9536
307.0000,407.7771,316.4319
307.0000,407.9281,316.9087
307.0000,408.0545,317.3927
307.0000,408.1591,317.8815
307.0000,408.2464,318.3740
307.0000,408.2970,318.8715
307.0000,408.3367,319.3699
307.0000,408.3457,319.8701
307.0000,408.3525,320.3702
307.0000,408.3527,320.8705
307.0000,408.3529,321.3707
307.0000,408.3359,321.8706
307.0000,408.3179,322.3705
307.0000,408.2973,322.8703
307.0000,408.2738,323.3700
307.0000,408.2503,323.8696
307.0000,408.2376,324.3697
307.0000,408.2277,324.8698
307.0000,408.2177,325.3699
307.0000,408.2209,325.8701
307.0000,408.2259,326.3703
307.0000,408.2309,326.8705
307.0000,408.2362,327.3707
307.0000,408.2415,327.8709
307.0000,408.2469,328.3711
307.0000,408.2538,328.8713
307.0000,408.2609,329.3714
307.0000,408.2681,329.8716
307.0000,408.2819,330.3716
307.0000,408.2972,330.8716
307.0000,408.3125,331.3716
307.0000,408.3374,331.8711
307.0000,408.3682,332.3704
307.0000,408.3990,332.8697
307.0000,408.4306,333.3689
307.0000,408.4645,333.8680
307.0000,408.4984,334.3670
307.0000,408.5324,334.8661
307.0000,408.5692,335.3650
307.0000,408.6124,335.8633
307.0000,408.6556,336.3617
307.0000,408.6989,336.8600
307.0000,408.7422,337.3584
307.0000,408.7856,337.8567
307.0000,408.8291,338.3550
307.0000,408.8726,338.8533
307.0000,408.9159,339.3517
307.0000,408.9562,339.8503
307.0000,408.9965,340.3489
307.0000,409.0367,340.8475
307.0000,409.0770,341.3461
307.0000,409.1108,341.8452
307.0000,409.1438,342.3443
307.0000,409.1768,342.8434
307.0000,409.2098,343.3426
307.0000,409.2315,343.8423
307.0000,409.2520,344.3421
307.0000,409.2725,344.8419
307.0000,409.2861,345.3418
307.0000,409.2844,345.8421
307.0000,409.2827,346.3423
307.0000,409.2768,346.8424
307.0000,409.2604,347.3424
307.0000,409.2440,347.8423
307.0000,409.2366,348.3425
307.0000,409.2320,348.8427
307.0000,409.2307,349.3429
307.0000,409.2382,349.8430
307.0000,409.2457,350.3432
307.0000,409.2568,350.8433
307.0000,409.2687,351.3434
307.0000,409.2796,351.8435
307.0000,409.2889,352.3436
307.0000,409.2990,352.8437
307.0000,409.3106,353.3438
307.0000,409.3229,353.8439
307.0000,409.3479,354.3435
307.0000,409.3728,354.8431
307.0000,409.4016,355.3425
307.0000,409.4320,355.8418
307.0000,409.4626,356.3410
307.0000,409.4946,356.8402
307.0000,409.5266,357.3394
307.0000,409.5618,357.8384
307.0000,409.6002,358.3372
307.0000,409.6377,358.8360
307.0000,409.6616,359.3356
307.0000,409.6854,359.8353
307.0000,409.7058,360.3351
307.0000,409.7248,360.8349
307.0000,409.7397,361.3349
307.0000,409.7413,361.8351
307.0000,409.7430,362.3353
307.0000,409.7415,362.8355
307.0000,409.7382,363.3357
307.0000,409.7349,363.8360
307.0000,409.7237,364.3360
307.0000,409.7118,364.8361
307.0000,409.6993,365.3362
307.0000,409.6851,365.8362
307.0000,409.6710,366.3362
307.0000,409.6698,366.8364
307.0000,409.6737,367.3366
307.0000,409.6780,367.8368
307.0000,409.6865,368.3369
307.0000,409.6950,368.8371
307.0000,409.7096,369.3371
307.0000,409.7304,369.8369
307.0000,409.7528,370.3366
307.0000,409.7849,370.8358
307.0000,409.8170,371.3349
307.0000,409.8627,371.8331
307.0000,409.9097,372.3311
307.0000,409.9556,372.8292
307.0000,410.0005,373.3274
307.0000,410.0455,373.8256
307.0000,410.0877,374.3240
307.0000,410.1290,374.8225
307.0000,410.1704,375.3210
307.0000,410.2132,375.8194
307.0000,410.2610,376.3173
307.0000,410.3088,376.8153
307.0000,410.3566,377.3132
307.0000,410.4042,377.8112
307.0000,410.4515,378.3092
307.0000,410.4987,378.8071
307.0000,410.5460,379.3051
307.0000,410.5869,379.8037
307.0000,410.6258,380.3024
307.0000,410.6647,380.8011
307.0000,410.7037,381.2998
307.0000,410.7430,381.7984
307.0000,410.7822,382.2971
307.0000,410.8215,382.7958
307.0000,410.8464,383.2953
307.0000,410.8655,383.7952
307.0000,410.8846,384.2950
307.0000,410.8962,384.7951
307.0000,410.9035,385.2953
307.0000,410.9083,385.7954
307.0000,410.8810,386.2949
307.0000,410.8536,386.7943
307.0000,410.8269,387.2938
307.0000,410.8002,387.7933
307.0000,410.7743,388.2929
307.0000,410.7493,388.7925
307.0000,410.7243,389.2921
307.0000,410.7154,389.7922
307.0000,410.7064,390.2924
307.0000,410.7001,390.7925
307.0000,410.6993,391.2928
307.0000,410.6985,391.7930
307.0000,410.7037,392.2932
307.0000,410.7112,392.7933
307.0000,410.7192,393.2935
307.0000,410.7339,393.7935
307.0000,410.7486,394.2935
307.0000,410.7651,394.7934
307.0000,410.7879,395.2931
307.0000,410.8106,395.7929
307.0000,410.8335,396.2925
307.0000,410.8566,396.7922
307.0000,410.8797,397.2919
307.0000,410.8957,397.7919
307.0000,410.9097,398.2919
307.0000,410.9167,398.7920
307.0000,410.9096,399.2922
307.0000,410.9014,399.7923
307.0000,410.8854,400.2923
307.0000,410.8694,400.7922
307.0000,410.8480,401.2920
307.0000,410.8263,401.7917
307.0000,410.7901,402.2906
307.0000,410.7521,402.7894
307.0000,410.6961,403.2865
307.0000,410.6382,403.7833
307.0000,410.5761,404.2797
307.0000,410.5127,404.7758
307.0000,410.4483,405.2719
307.0000,410.3834,405.7679
307.0000,410.3153,406.2634
307.0000,410.2426,406.7584
307.0000,410.1717,407.2535
307.0000,410.1107,407.7500
307.0000,410.0497,408.2465
307.0000,409.9798,408.7418
307.0000,409.9094,409.2370
307.0000,409.8524,409.7339
307.0000,409.8002,410.2314
307.0000,409.7458,410.7287
307.0000,409.6900,411.2258
307.0000,409.6352,411.7230
307.0000,409.5810,412.2203
307.0000,409.5259,412.7175
307.0000,409.4699,413.2145
307.0000,409.4112,413.7113
307.0000,409.3542,414.2082
307.0000,409.3121,414.7067
307.0000,409.2894,415.2063
307.0000,409.2678,415.7060
307.0000,409.2423,416.2056
307.0000,409.2384,416.7058
307.0000,409.2237,417.2057
307.0000,409.2000,417.7053
307.0000,409.1841,418.2053
307.0000,409.1794,418.7054
307.0000,409.1657,419.2046
307.0000,409.0817,419.6952
307.0000,408.8240,420.1070
307.0000,408.4006,420.3661
307.0000,407.9188,420.4988
307.0000,407.4199,420.5301
307.0000,406.9201,420.5215
307.0000,406.4231,420.4759
307.0000,405.9302,420.3908
307.0000,405.4749,420.1898
307.0000,405.0633,419.9188
307.0000,404.7223,419.5528
307.0000,404.4695,419.1227
307.0000,404.2570,418.6733
307.0000,404.1318,418.1890
307.0000,404.0124,417.7036
307.0000,403.9428,417.2082
307.0000,403.8733,416.7128
307.0000,403.8195,416.2162
307.0000,403.8079,415.7161
307.0000,403.7963,415.2160
307.0000,403.7847,414.7159
307.0000,403.7705,414.2159
307.0000,403.7563,413.7159
307.0000,403.7421,413.2159
307.0000,403.7284,412.7158
307.0000,403.7166,412.2157
307.0000,403.7048,411.7157
307.0000,403.6930,411.2156
307.0000,403.6757,410.7158
307.0000,403.6358,410.2172
307.0000,403.5959,409.7185
307.0000,403.5560,409.2199
307.0000,403.5099,408.7219
307.0000,403.4495,408.2253
307.0000,403.3891,407.7288
307.0000,403.3287,407.2322
307.0000,403.2589,406.7370
307.0000,403.1808,406.2429
307.0000,403.1028,405.7488
307.0000,403.0247,405.2547
307.0000,402.9401,404.7617
307.0000,402.8542,404.2689
307.0000,402.7683,403.7761
307.0000,402.6735,403.2850
307.0000,402.5713,402.7953
307.0000,402.4692,402.3056
307.0000,402.3442,401.8216
307.0000,402.2075,401.3404
307.0000,402.0708,400.8592
307.0000,401.9146,400.3843
307.0000,401.7470,399.9130
307.0000,401.5794,399.4417
307.0000,401.4124,398.9701
307.0000,401.2470,398.4980
307.0000,401.0816,398.0259
307.0000,400.9162,397.5538
307.0000,400.7651,397.0771
307.0000,400.6200,396.5984
307.0000,400.4750,396.1197
307.0000,400.3299,395.6409
307.0000,400.1899,395.1607
307.0000,400.0517,394.6800
307.0000,399.9135,394.1992
307.0000,399.7753,393.7185
307.0000,399.6521,393.2337
307.0000,399.5320,392.7481
307.0000,399.4119,392.2625
307.0000,399.2950,391.7762
307.0000,399.2023,391.2847
307.0000,399.1096,390.7931
307.0000,399.0169,390.3015
307.0000,398.9389,389.8076
307.0000,398.8739,389.3117
307.0000,398.8089,388.8157
307.0000,398.7439,388.3197
307.0000,398.7047,387.8212
307.0000,398.6721,387.3220
307.0000,398.6394,386.8229
307.0000,398.6221,386.3232
307.0000,398.6197,385.8230
307.0000,398.6172,385.3227
307.0000,398.5979,384.8230
307.0000,398.5705,384.3236
307.0000,398.5431,383.8241
307.0000,398.5003,383.3257
307.0000,398.4552,382.8276
307.0000,398.4093,382.3294
307.0000,398.3593,381.8317
307.0000,398.3092,381.3340
307.0000,398.2489,380.8376
307.0000,398.1776,380.3424
307.0000,398.1063,379.8473
307.0000,398.0046,379.3579
307.0000,397.8932,378.8702
307.0000,397.7814,378.3827
307.0000,397.6517,377.8995
307.0000,397.5220,377.4164
307.0000,397.3787,376.9375
307.0000,397.2130,376.4655
307.0000,397.0473,375.9936
307.0000,396.8760,375.5236
307.0000,396.7020,375.0546
307.0000,396.5280,374.5856
307.0000,396.3392,374.1225
307.0000,396.1425,373.6626
307.0000,395.9459,373.2026
307.0000,395.7558,372.7400
307.0000,395.5689,372.2760
307.0000,395.3820,371.8120
307.0000,395.1997,371.3462
307.0000,395.0186,370.8799
307.0000,394.8374,370.4136
307.0000,394.6608,369.9456
307.0000,394.4845,369.4775
307.0000,394.3081,369.0094
307.0000,394.1308,368.5417
307.0000,393.9535,368.0739
307.0000,393.7913,367.6009
307.0000,393.6375,367.1249
307.0000,393.5013,366.6450
307.0000,393.4421,366.1483
307.0000,393.3828,365.6516
307.0000,393.4551,365.1611
307.0000,393.5608,364.6722
307.0000,393.7057,364.1973
307.0000,393.9347,363.7526
307.0000,394.1638,363.3080
307.0000,394.4587,362.9094
307.0000,394.7986,362.5424
307.0000,395.1385,362.1753
307.0000,395.5093,361.8425
307.0000,395.9080,361.5404
307.0000,396.3068,361.2384
307.0000,396.7115,360.9453
307.0000,397.1425,360.6915
307.0000,397.5735,360.4376
307.0000,398.0045,360.1837
307.0000,398.4474,359.9516
307.0000,398.8952,359.7287
307.0000,399.3430,359.5059
307.0000,399.7918,359.2850
307.0000,400.2445,359.0722
307.0000,400.6972,358.8593
307.0000,401.1499,358.6465
307.0000,401.6139,358.4597
307.0000,402.0785,358.2744
307.0000,402.5433,358.0896
307.0000,403.0093,357.9078
307.0000,403.4753,357.7259
307.0000,403.9434,357.5496
307.0000,404.4129,357.3769
307.0000,404.8818,357.2026
307.0000,405.3473,357.0196
307.0000,405.8128,356.8366
307.0000,406.2838,356.6684
307.0000,406.7577,356.5082
307.0000,407.2330,356.3529
307.0000,407.7173,356.2278
307.0000,408.2017,356.1027
307.0000,408.6865,355.9795
307.0000,409.1717,355.8579
307.0000,409.6568,355.7359
307.0000,410.1394,355.6045
307.0000,410.6221,355.4731
307.0000,411.0992,355.3232
307.0000,411.5739,355.1655
307.0000,412.0454,354.9989
307.0000,412.5110,354.8161
307.0000,412.9757,354.6310
307.0000,413.4365,354.4365
307.0000,413.8978,354.2429
307.0000,414.3604,354.0525
307.0000,414.8228,353.8618
307.0000,415.2847,353.6697
307.0000,415.7460,353.4764
307.0000,416.2055,353.2786
307.0000,416.6668,353.0853
307.0000,417.1324,352.9026
307.0000,417.5987,352.7214
307.0000,418.0663,352.5439
307.0000,418.5347,352.3681
307.0000,419.0046,352.1967
307.0000,419.4714,352.0171
307.0000,419.9354,351.8302
307.0000,420.3914,351.6246
307.0000,420.8467,351.4175
307.0000,421.3035,351.2138
307.0000,421.7684,351.0291
307.0000,422.2325,350.8425
307.0000,422.6963,350.6553
307.0000,423.1615,350.4714
307.0000,423.6271,350.2885
307.0000,424.0943,350.1096
307.0000,424.5621,349.9328
307.0000,425.0382,349.7792
307.0000,425.5143,349.6257
307.0000,425.9927,349.4799
307.0000,426.4734,349.3413
307.0000,426.9540,349.2028
307.0000,427.4379,349.0764
307.0000,427.9231,348.9546
307.0000,428.4083,348.8328
307.0000,428.8917,348.7044
307.0000,429.3749,348.5747
307.0000,429.8580,348.4451
307.0000,430.3397,348.3102
307.0000,430.8210,348.1741
307.0000,431.3024,348.0380
307.0000,431.7824,347.8973
307.0000,432.2621,347.7554
307.0000,432.7417,347.6134
307.0000,433.2185,347.4619
307.0000,433.6952,347.3104
307.0000,434.1721,347.1595
307.0000,434.6497,347.0107
307.0000,435.1273,346.8619
307.0000,435.6066,346.7189
307.0000,436.0871,346.5800
307.0000,436.5677,346.4411
307.0000,437.0521,346.3166
307.0000,437.5372,346.1944
307.0000,438.0226,346.0739
307.0000,438.5129,345.9744
307.0000,439.0031,345.8749
307.0000,439.4937,345.7773
307.0000,439.9855,345.6857
307.0000,440.4772,345.5941
307.0000,440.9687,345.5009
307.0000,441.4597,345.4053
307.0000,441.9507,345.3097
307.0000,442.4387,345.2002
307.0000,442.9255,345.0850
307.0000,443.4116,344.9674
307.0000,443.8885,344.8165
307.0000,444.3655,344.6657
307.0000,444.8374,344.5005
307.0000,445.3060,344.3253
307.0000,445.7718,344.1434
307.0000,446.2294,343.9414
307.0000,446.6869,343.7392
307.0000,447.1433,343.5343
307.0000,447.5997,343.3295
307.0000,448.0586,343.1305
307.0000,448.5177,342.9320
307.0000,448.9833,342.7490
307.0000,449.4488,342.5660
307.0000,449.9221,342.4042
307.0000,450.3957,342.2431
307.0000,450.8735,342.0954
307.0000,451.3532,341.9536
307.0000,451.8331,341.8122
307.0000,452.3132,341.6721
307.0000,452.7934,341.5319
307.0000,453.2738,341.3923
307.0000,453.7542,341.2529
307.0000,454.2342,341.1121
307.0000,454.7118,340.9635
307.0000,455.1894,340.8148
307.0000,455.6650,340.6599
307.0000,456.1385,340.4987
307.0000,456.6121,340.3375
307.0000,457.0805,340.1623
307.0000,457.5474,339.9827
307.0000,458.0122,339.7978
307.0000,458.4740,339.6055
307.0000,458.9337,339.4085
307.0000,459.3908,339.2054
307.0000,459.8440,338.9936
307.0000,460.2960,338.7794
307.0000,460.7471,338.5632
307.0000,461.1938,338.3381
307.0000,461.6358,338.1040
307.0000,462.0777,337.8702
307.0000,462.3997,337.4973
307.0000,462.5813,337.0334
307.0000,462.7711,336.5762
307.0000,462.7098,336.0855
307.0000,462.4519,335.6648
307.0000,462.0388,335.3901
307.0000,461.5598,335.2516
307.0000,461.0674,335.1678
307.0000,460.5710,335.1070
307.0000,460.0727,335.0625
307.0000,459.5734,335.0343
307.0000,459.0736,335.0173
307.0000,458.5743,335.0473
307.0000,458.0857,335.1442
307.0000,457.6019,335.2710
307.0000,457.1232,335.4142
307.0000,456.6544,335.5886
307.0000,456.1850,335.7616
307.0000,455.7096,335.9169
307.0000,455.2320,336.0654
307.0000,454.7479,336.1913
307.0000,454.2637,336.3172
307.0000,453.7777,336.4354
307.0000,453.2916,336.5535
307.0000,452.8027,336.6589
307.0000,452.3132,336.7622
307.0000,451.8211,336.8518
307.0000,451.3283,336.9372
307.0000,450.8326,337.0045
307.0000,450.3365,337.0685
307.0000,449.8398,337.1278
307.0000,449.3448,337.1993
307.0000,448.8508,337.2778
307.0000,448.3611,337.3798
307.0000,447.8715,337.4826
307.0000,447.3827,337.5885
307.0000,446.8945,337.6975
307.0000,446.4077,337.8128
307.0000,445.9210,337.9282
307.0000,445.4365,338.0525
307.0000,444.9519,338.1768
307.0000,444.4679,338.3029
307.0000,443.9845,338.4318
307.0000,443.5012,338.5606
307.0000,443.0172,338.6869
307.0000,442.5328,338.8120
307.0000,442.0485,338.9370
307.0000,441.5647,339.0640
307.0000,441.0808,339.1910
307.0000,440.5977,339.3208
307.0000,440.1161,339.4558
307.0000,439.6344,339.5908
307.0000,439.1528,339.7260
307.0000,438.6713,339.8614
307.0000,438.1897,339.9969
307.0000,437.7103,340.1394
307.0000,437.2311,340.2829
307.0000,436.7540,340.4332
307.0000,436.2799,340.5926
307.0000,435.8057,340.7519
307.0000,435.3334,340.9168
307.0000,434.8612,341.0817
307.0000,434.3921,341.2555
307.0000,433.9242,341.4323
307.0000,433.4545,341.6041
307.0000,432.9836,341.7729
307.0000,432.5112,341.9373
307.0000,432.0356,342.0925
307.0000,431.5595,342.2459
307.0000,431.0796,342.3867
307.0000,430.5996,342.5276
307.0000,430.1172,342.6599
307.0000,429.6342,342.7900
307.0000,429.1510,342.9193
307.0000,428.6673,343.0469
307.0000,428.1836,343.1745
307.0000,427.6979,343.2941
307.0000,427.2114,343.4104
307.0000,426.7248,343.5265
307.0000,426.2380,343.6415
307.0000,425.7512,343.7565
307.0000,425.2659,343.8776
307.0000,424.7811,344.0011
307.0000,424.2965,344.1251
307.0000,423.8124,344.2511
307.0000,423.3283,344.3770
307.0000,422.8449,344.5055
307.0000,422.3615,344.6343
307.0000,421.8797,344.7685
307.0000,421.3980,344.9037
307.0000,420.9160,345.0374
307.0000,420.4339,345.1708
307.0000,419.9511,345.3017
307.0000,419.4679,345.4311
307.0000,418.9845,345.5596
307.0000,418.4998,345.6832
307.0000,418.0151,345.8067
307.0000,417.5316,345.9351
307.0000,417.0491,346.0670
307.0000,416.5666,346.1989
307.0000,416.0828,346.3260
307.0000,415.5984,346.4509
307.0000,415.1140,346.5757
307.0000,414.6290,346.6980
307.0000,414.1432,346.8176
307.0000,413.6575,346.9371
307.0000,413.1721,347.0580
307.0000,412.6876,347.1824
307.0000,412.2031,347.3067
307.0000,411.7187,347.4314
307.0000,411.2358,347.5621
307.0000,410.7530,347.6928
307.0000,410.2701,347.8235
307.0000,409.7877,347.9559
307.0000,409.3053,348.0882
307.0000,408.8237,348.2234
307.0000,408.3452,348.3690
307.0000,407.8666,348.5147
307.0000,407.3894,348.6644
307.0000,406.9134,348.8181
307.0000,406.4373,348.9718
307.0000,405.9643,349.1346
307.0000,405.4918,349.2985
307.0000,405.0205,349.4661
307.0000,404.5517,349.6407
307.0000,404.0832,349.8160
307.0000,403.6226,350.0110
307.0000,403.1619,350.2060
307.0000,402.6940,350.3824
307.0000,402.2232,350.5515
307.0000,401.7523,350.7203
307.0000,401.2812,350.8883
307.0000,400.8088,351.0527
307.0000,400.3345,351.2116
307.0000,399.8554,351.3548
307.0000,399.3728,351.4865
307.0000,398.8772,351.5463
307.0000,398.3790,351.5852
307.0000,397.8802,351.5475
307.0000,397.3845,351.4868
307.0000,396.8934,351.3916
307.0000,396.4187,351.2377
307.0000,395.9556,351.0520
307.0000,395.5295,350.7900
307.0000,395.1402,350.4805
307.0000,394.7817,350.1320
307.0000,394.5183,349.7067
307.0000,394.2870,349.2680
307.0000,394.1673,348.7823
307.0000,394.1060,348.2885
307.0000,394.0892,347.7886
307.0000,394.1035,347.2888
307.0000,394.1274,346.7892
307.0000,394.1644,346.2904
307.0000,394.2036,345.7917
307.0000,394.2500,345.2936
307.0000,394.2966,344.7956
307.0000,394.3437,344.2976
307.0000,394.3642,343.7982
307.0000,394.3583,343.2984
307.0000,394.3187,342.7997
307.0000,394.2498,342.3044
307.0000,394.1787,341.8093
307.0000,394.1110,341.3136
307.0000,394.0167,340.8224
307.0000,393.9198,340.3317
307.0000,393.8227,339.8410
307.0000,393.7351,339.3485
307.0000,393.6588,338.8542
307.0000,393.5928,338.3584
307.0000,393.5395,337.8610
307.0000,393.4938,337.3630
307.0000,393.4656,336.8636
307.0000,393.4509,336.3636
307.0000,393.4416,335.8635
307.0000,393.4395,335.3633
307.0000,393.4371,334.8631
307.0000,393.4365,334.3629
307.0000,393.4469,333.8628
307.0000,393.4500,333.3626
307.0000,393.4500,332.8624
307.0000,393.4500,332.3621
307.0000,393.4547,331.8620
307.0000,393.4635,331.3618
307.0000,393.4646,330.8616
307.0000,393.4628,330.3614
307.0000,393.4580,329.8612
307.0000,393.4504,329.3610
307.0000,393.4428,328.8609
307.0000,393.4314,328.3608
307.0000,393.4198,327.8607
307.0000,393.4095,327.3606
307.0000,393.4020,326.8604
307.0000,393.3944,326.3603
307.0000,393.3836,325.8602
307.0000,393.3678,325.3602
307.0000,393.3520,324.8602
307.0000,393.3321,324.3604
307.0000,393.3101,323.8607
307.0000,393.2871,323.3610
307.0000,393.2573,322.8616
307.0000,393.2274,322.3623
307.0000,393.2021,321.8627
307.0000,393.1794,321.3630
307.0000,393.1610,320.8632
307.0000,393.1496,320.3631
307.0000,393.1446,319.8630
307.0000,393.1502,319.3628
307.0000,393.1547,318.8626
307.0000,393.1585,318.3624
307.0000,393.1705,317.8623
307.0000,393.1854,317.3623
307.0000,393.2046,316.8624
307.0000,393.2356,316.3632
307.0000,393.2690,315.8641
307.0000,393.2865,315.3642
307.0000,393.3032,314.8643
307.0000,393.3184,314.3643
307.0000,393.3085,313.8646
307.0000,393.2812,313.3651
307.0000,393.2420,312.8666
307.0000,393.1893,312.3691
307.0000,393.1350,311.8719
307.0000,393.0692,311.3760
307.0000,393.0034,310.8802
307.0000,392.9241,310.3864
307.0000,392.8371,309.8938
307.0000,392.7453,309.4021
307.0000,392.6333,308.9146
307.0000,392.5220,308.4269
307.0000,392.4162,307.9380
307.0000,392.3110,307.4490
307.0000,392.2093,306.9592
307.0000,392.1136,306.4683
307.0000,392.0291,305.9753
307.0000,391.9596,305.4801
307.0000,391.9062,304.9831
307.0000,391.9059,304.4828
307.0000,391.9077,303.9826
307.0000,391.9116,303.4824
307.0000,391.9159,302.9822
307.0000,391.9204,302.4820
307.0000,391.9377,301.9822
307.0000,391.9649,301.4827
307.0000,391.9915,300.9832
307.0000,392.0164,300.4836
307.0000,392.0412,299.9840
307.0000,392.0854,299.4858
307.0000,392.1316,298.9877
307.0000,392.1851,298.4904
307.0000,392.2397,297.9931
307.0000,392.2889,297.4953
307.0000,392.3355,296.9973
307.0000,392.3699,296.4983
307.0000,392.4001,295.9990
307.0000,392.4287,295.4996
307.0000,392.4567,295.0002
307.0000,392.4920,294.5012
307.0000,392.5288,294.0023
307.0000,392.5547,293.5028
307.0000,392.5770,293.0031
307.0000,392.5828,292.5029
307.0000,392.5789,292.0029
307.0000,392.5598,291.5030
307.0000,392.5260,291.0042
307.0000,392.4739,290.5067
307.0000,392.4061,290.0112
307.0000,392.3314,289.5166
307.0000,392.2310,289.0266
307.0000,392.1180,288.5397
307.0000,391.9714,288.0615
307.0000,391.8183,287.5853
307.0000,391.6571,287.1118
307.0000,391.4800,286.6442
307.0000,391.2914,286.1809
307.0000,391.0931,285.7216
307.0000,390.8922,285.2636
307.0000,390.6758,284.8125
307.0000,390.4581,284.3622
307.0000,390.2365,283.9138
307.0000,389.9901,283.4791
307.0000,389.7248,283.0550
307.0000,389.4038,282.6720
307.0000,389.0523,282.3198
307.0000,388.6514,282.0208
307.0000,388.2145,281.7866
307.0000,387.7480,281.6059
307.0000,387.2752,281.4452
307.0000,386.7903,281.3226
307.0000,386.3053,281.2000
307.0000,385.8100,281.1371
307.0000,385.3121,281.0891
307.0000,384.8134,281.0580
307.0000,384.3132,281.0628
307.0000,383.8130,281.0675
307.0000,383.3136,281.0948
307.0000,382.8145,281.1272
307.0000,382.3172,281.1772
307.0000,381.8228,281.2531
307.0000,381.3296,281.3358
307.0000,380.8412,281.4438
307.0000,380.3509,281.5422
307.0000,379.8573,281.6232
307.0000,379.3614,281.6875
307.0000,378.8641,281.7408
307.0000,378.3662,281.7889
307.0000,377.8671,281.8169
307.0000,377.3670,281.8246
307.0000,376.8670,281.8141
307.0000,376.3672,281.7950
307.0000,375.8724,281.7215
307.0000,375.3806,281.6335
307.0000,374.8978,281.5028
307.0000,374.4234,281.3483
307.0000,373.9654,281.1470
307.0000,373.5155,280.9301
307.0000,373.0834,280.6779
307.0000,372.6617,280.4111
307.0000,372.2787,280.0894
307.0000,371.8957,279.7677
307.0000,371.5463,279.4101
307.0000,371.2021,279.0472
307.0000,370.8772,278.6684
307.0000,370.5876,278.2605
307.0000,370.2980,277.8526
307.0000,370.0829,277.4015
307.0000,369.8721,276.9479
307.0000,369.6752,276.4881
307.0000,369.4854,276.0253
307.0000,369.3144,275.5561
307.0000,369.1837,275.0733
307.0000,369.0530,274.5905
307.0000,368.9321,274.1051
307.0000,368.8132,273.6192
307.0000,368.7057,273.1309
307.0000,368.6178,272.6385
307.0000,368.5299,272.1460
307.0000,368.4776,271.6486
307.0000,368.4278,271.1509
307.0000,368.3688,270.6542
307.0000,368.3054,270.1580
307.0000,368.2338,269.6630
307.0000,368.1535,269.1693
307.0000,368.0697,268.6762
307.0000,367.9768,268.1847
307.0000,367.8765,267.6948
307.0000,367.7460,267.2119
307.0000,367.6036,266.7328
307.0000,367.4321,266.2629
307.0000,367.2589,265.7936
307.0000,367.0829,265.3254
307.0000,366.9025,264.8588
307.0000,366.7164,264.3945
307.0000,366.5280,263.9312
307.0000,366.3312,263.4713
307.0000,366.1338,263.0117
307.0000,365.9321,262.5539
307.0000,365.7333,262.0949
307.0000,365.5418,261.6328
307.0000,365.3439,261.1734
307.0000,365.1423,260.7156
307.0000,364.9457,260.2557
307.0000,364.7502,259.7952
307.0000,364.5630,259.3314
307.0000,364.3776,258.8668
307.0000,364.1972,258.4002
307.0000,364.0435,257.9243
307.0000,363.9245,257.4388
307.0000,363.7783,256.9609
307.0000,363.4724,256.5897
307.0000,362.9978,256.4440
307.0000,362.5046,256.3615
307.0000,362.0089,256.2943
307.0000,361.5101,256.2586
307.0000,361.0107,256.2297
307.0000,360.5109,256.2346
307.0000,360.0109,256.2506
307.0000,359.5123,256.2836
307.0000,359.0157,256.3439
307.0000,358.5191,256.4042
307.0000,358.0286,256.5016
307.0000,357.5384,256.6015
307.0000,357.0503,256.7104
307.0000,356.5635,256.8255
307.0000,356.0763,256.9388
307.0000,355.5884,257.0493
307.0000,355.0994,257.1545
307.0000,354.6090,257.2530
307.0000,354.1172,257.3443
307.0000,353.6243,257.4298
307.0000,353.1307,257.5108
307.0000,352.6362,257.5862
307.0000,352.1420,257.6633
307.0000,351.6515,257.7597
307.0000,351.1690,257.8914
307.0000,350.6966,258.0558
307.0000,350.2369,258.2515
307.0000,349.7914,258.4777
307.0000,349.3668,258.7419
307.0000,349.0051,259.0867
307.0000,348.8379,259.5576
307.0000,348.7448,260.0489
307.0000,348.6934,260.5461
307.0000,348.7328,261.0448
307.0000,348.7902,261.5417
307.0000,348.8398,262.0394
307.0000,348.8881,262.5373
307.0000,348.9425,263.0346
307.0000,349.0099,263.5302
307.0000,349.0859,264.0246
307.0000,349.1632,264.5188
307.0000,349.2281,265.0146
307.0000,349.2745,265.5127
307.0000,349.2818,266.0128
307.0000,349.2920,266.5129
307.0000,349.3057,267.0130
307.0000,349.3268,267.5127
307.0000,349.3420,268.0127
307.0000,349.3499,268.5129
307.0000,349.3588,269.0130
307.0000,349.3695,269.5131
307.0000,349.3816,270.0132
307.0000,349.4073,270.5127
307.0000,349.4330,271.0123
307.0000,349.4581,271.5119
307.0000,349.4832,272.0115
307.0000,349.5210,272.5102
307.0000,349.5622,273.0088
307.0000,349.6120,273.5065
307.0000,349.6633,274.0041
307.0000,349.7138,274.5017
307.0000,349.7575,275.0000
307.0000,349.7969,275.4987
307.0000,349.8359,275.9974
307.0000,349.8521,276.4973
307.0000,349.8924,276.9958
307.0000,349.9335,277.4943
307.0000,349.9773,277.9926
307.0000,350.0301,278.4899
307.0000,350.0925,278.9862
307.0000,350.1620,279.4816
307.0000,350.2113,279.9794
307.0000,350.2701,280.4761
307.0000,350.3350,280.9721
307.0000,350.4134,281.4661
307.0000,350.4960,281.9594
307.0000,350.5964,282.4494
307.0000,350.6968,282.9395
307.0000,350.7957,283.4298
307.0000,350.8945,283.9202
307.0000,351.0040,284.4082
307.0000,351.1191,284.8950
307.0000,351.2347,285.3817
307.0000,351.3550,285.8672
307.0000,351.4753,286.3528
307.0000,351.5969,286.8380
307.0000,351.7195,287.3230
307.0000,351.8425,287.8078
307.0000,351.9696,288.2916
307.0000,352.0968,288.7754
307.0000,352.2204,289.2601
307.0000,352.3432,289.7450
307.0000,352.4556,290.2324
307.0000,352.5624,290.7211
307.0000,352.6747,291.2085
307.0000,352.7909,291.6951
307.0000,352.9006,292.1830
307.0000,353.0026,292.6728
307.0000,353.1044,293.1625
307.0000,353.1901,293.6553
307.0000,353.2758,294.1482
307.0000,353.3499,294.6426
307.0000,353.4026,295.1400
307.0000,353.4553,295.6375
307.0000,353.5006,296.1356
307.0000,353.5350,296.6346
307.0000,353.5693,297.1337
307.0000,353.5995,297.6329
307.0000,353.6137,298.1329
307.0000,353.6279,298.6329
307.0000,353.6421,299.1330
307.0000,353.6388,299.6331
307.0000,353.6342,300.1333
307.0000,353.6295,300.6335
307.0000,353.6215,301.1337
307.0000,353.6117,301.6338
307.0000,353.6020,302.1340
307.0000,353.5854,302.6339
307.0000,353.5637,303.1336
307.0000,353.5421,303.6334
307.0000,353.5198,304.1331
307.0000,353.4972,304.6328
307.0000,353.4793,305.1327
307.0000,353.4740,305.6328
307.0000,353.4713,306.1330
307.0000,353.4885,306.6329
307.0000,353.5109,307.1326
307.0000,353.5506,307.6312
307.0000,353.5973,308.1292
307.0000,353.6525,308.6264
307.0000,353.7294,309.1204
307.0000,353.8161,309.6131
307.0000,353.9098,310.1044
307.0000,354.0057,310.5954
307.0000,354.1077,311.0850
307.0000,354.2135,311.5740
307.0000,354.3219,312.0623
307.0000,354.4370,312.5491
307.0000,354.5522,313.0359
307.0000,354.6748,313.5208
307.0000,354.7985,314.0055
307.0000,354.9223,314.4902
307.0000,355.0463,314.9748
307.0000,355.1702,315.4594
307.0000,355.2887,315.9454
307.0000,355.4052,316.4318
307.0000,355.5217,316.9183
307.0000,355.6408,317.4041
307.0000,355.7603,317.8899
307.0000,355.8765,318.3763
307.0000,355.9697,318.8678
307.0000,356.0629,319.3593
307.0000,356.1511,319.8516
307.0000,356.2318,320.3453
307.0000,356.3126,320.8389
307.0000,356.3899,321.3331
307.0000,356.4634,321.8279
307.0000,356.5370,322.3227
307.0000,356.6058,322.8181
307.0000,356.6600,323.3154
307.0000,356.7143,323.8126
307.0000,356.7686,324.3099
307.0000,356.8207,324.8074
307.0000,356.8728,325.3049
307.0000,356.9248,325.8024
307.0000,356.9802,326.2996
307.0000,357.0366,326.7966
307.0000,357.0929,327.2936
307.0000,357.1556,327.7899
307.0000,357.2192,328.2861
307.0000,357.2804,328.7825
307.0000,357.3300,329.2803
307.0000,357.3796,329.7780
307.0000,357.4064,330.2774
307.0000,357.4256,330.7772
307.0000,357.4292,331.2770
307.0000,357.4072,331.7768
307.0000,357.3671,332.2745
307.0000,357.2792,332.7669
307.0000,357.1845,333.2580
307.0000,357.0807,333.7474
307.0000,356.9548,334.2311
307.0000,356.8117,334.7104
307.0000,356.6414,335.1800
307.0000,356.4478,335.6412
307.0000,356.2233,336.0864
307.0000,355.9564,336.5094
307.0000,355.6621,336.9092
307.0000,355.2873,337.2405
307.0000,354.8973,337.5451
307.0000,354.4220,337.7012
307.0000,353.9437,337.8328
307.0000,353.4446,337.7989
307.0000,352.9467,337.7599
307.0000,352.4812,337.5768
307.0000,352.0157,337.3936
307.0000,351.6450,337.0654
307.0000,351.2903,336.7127
307.0000,350.9646,336.3383
307.0000,350.7262,335.8985
307.0000,350.4879,335.4587
307.0000,350.2703,335.0103
307.0000,350.1295,334.5304
307.0000,349.9887,334.0504
307.0000,349.8479,333.5704
307.0000,349.7649,333.0772
307.0000,349.6846,332.5835
307.0000,349.6043,332.0898
307.0000,349.5359,331.5944
307.0000,349.4771,331.0976
307.0000,349.4183,330.6009
307.0000,349.3510,330.1055
307.0000,349.2520,329.6151
307.0000,349.1531,329.1248
307.0000,349.0541,328.6345
307.0000,348.9029,328.1578
307.0000,348.7488,327.6819
307.0000,348.5946,327.2060
307.0000,348.4050,326.7439
307.0000,348.1982,326.2884
307.0000,347.9915,325.8329
307.0000,347.7638,325.3888
307.0000,347.4934,324.9680
307.0000,347.2230,324.5472
307.0000,346.9526,324.1263
307.0000,346.6375,323.7378
307.0000,346.3224,323.3493
307.0000,346.0072,322.9609
307.0000,345.6665,322.5947
307.0000,345.3242,322.2300
307.0000,344.9819,321.8652
307.0000,344.6100,321.5308
307.0000,344.2362,321.1985
307.0000,343.8495,320.8823
307.0000,343.4401,320.5950
307.0000,343.0281,320.3114
307.0000,342.6040,320.0461
307.0000,342.1766,319.7865
307.0000,341.7383,319.5454
307.0000,341.2944,319.3154
307.0000,340.8421,319.1017
307.0000,340.3873,318.8935
307.0000,339.9299,318.6910
307.0000,339.4723,318.4889
307.0000,339.0145,318.2873
307.0000,338.5521,318.0970
307.0000,338.0848,317.9186
307.0000,337.6170,317.7412
307.0000,337.1481,317.5672
307.0000,336.6791,317.3931
307.0000,336.2081,317.2246
307.0000,335.7369,317.0567
307.0000,335.2651,316.8907
307.0000,334.7921,316.7278
307.0000,334.3191,316.5650
307.0000,333.8423,316.4139
307.0000,333.3649,316.2643
307.0000,332.8860,316.1203
307.0000,332.4038,315.9873
307.0000,331.9215,315.8542
307.0000,331.4398,315.7197
307.0000,330.9581,315.5846
307.0000,330.4740,315.4602
307.0000,329.9829,315.3648
307.0000,329.4919,315.2695
307.0000,328.9992,315.1842
307.0000,328.5033,315.1186
307.0000,328.0074,315.0531
307.0000,327.5103,314.9993
307.0000,327.0111,314.9675
307.0000,326.5119,314.9358
307.0000,326.0122,314.9157
307.0000,325.5120,314.9059
307.0000,325.0119,314.8962
307.0000,324.5117,314.8906
307.0000,324.0115,314.8865
307.0000,323.5113,314.8822
307.0000,323.0112,314.8734
307.0000,322.5110,314.8645
307.0000,322.0112,314.8473
307.0000,321.5118,314.8181
307.0000,321.0125,314.7890
307.0000,320.5140,314.7468
307.0000,320.0157,314.7039
307.0000,319.5191,314.6450
307.0000,319.0240,314.5737
307.0000,318.5303,314.4945
307.0000,318.0411,314.3901
307.0000,317.5519,314.2857
307.0000,317.0599,314.1954
307.0000,316.5679,314.1053
307.0000,316.0766,314.0112
307.0000,315.5862,313.9125
307.0000,315.0958,313.8137
307.0000,314.6047,313.7186
307.0000,314.1136,313.6236
307.0000,313.6228,313.5271
307.0000,313.1321,313.4296
307.0000,312.6407,313.3368
307.0000,312.1473,313.2543
307.0000,311.6540,313.1713
307.0000,311.1611,313.0858
307.0000,310.6683,313.0003
307.0000,310.1751,312.9168
307.0000,309.6818,312.8336
307.0000,309.1859,312.7681
307.0000,308.6898,312.7044
307.0000,308.1938,312.6396
307.0000,307.6970,312.5812
307.0000,307.1994,312.5303
307.0000,306.7003,312.4966
307.0000,306.2011,312.4660
307.0000,305.7017,312.4367
307.0000,305.2019,312.4154
307.0000,304.7021,312.3952
307.0000,304.2023,312.3756
307.0000,303.7023,312.3636
307.0000,303.2021,312.3570
307.0000,302.7019,312.3483
307.0000,302.2018,312.3402
307.0000,301.7016,312.3381
307.0000,301.2014,312.3442
307.0000,300.7012,312.3500
307.0000,300.2010,312.3500
307.0000,299.7008,312.3500
307.0000,299.2007,312.3581
307.0000,298.7022,312.3975
307.0000,298.2041,312.4294
307.0000,297.7081,312.3827
307.0000,297.2247,312.2542
307.0000,296.7640,312.0593
307.0000,296.3166,311.8374
307.0000,295.8813,311.5909
307.0000,295.4714,311.3045
307.0000,295.0794,310.9960
307.0000,294.7235,310.6446
307.0000,294.4201,310.2494
307.0000,294.1444,309.8325
307.0000,293.9363,309.3777
307.0000,293.7861,308.9032
307.0000,293.6778,308.4149
307.0000,293.5737,307.9256
307.0000,293.4751,307.4352
307.0000,293.3884,306.9426
307.0000,293.2902,306.4524
307.0000,293.1715,305.9665
307.0000,293.0636,305.4780
307.0000,292.8843,305.0126
307.0000,292.6476,304.5740
307.0000,292.3618,304.1656
307.0000,291.9990,303.8213
307.0000,291.5855,303.5474
307.0000,291.1393,303.3234
307.0000,290.6615,303.1752
307.0000,290.1739,303.0713
307.0000,289.6783,303.0034
307.0000,289.1787,302.9979
307.0000,288.6854,303.0498
307.0000,288.2082,303.1962
307.0000,287.7716,303.4404
307.0000,287.4815,303.8454
307.0000,287.3218,304.3174
307.0000,287.2649,304.8143
307.0000,287.2493,305.3142
307.0000,287.2471,305.8144
307.0000,287.2931,306.3114
307.0000,287.3698,306.8056
307.0000,287.4683,307.2955
307.0000,287.6528,307.7545
307.0000,288.0008,308.0998
307.0000,288.4500,308.3097
307.0000,288.9343,308.4264
307.0000,289.4300,308.4890
307.0000,289.9300,308.4726
307.0000,290.4242,308.4078
307.0000,290.9140,308.3064
307.0000,291.3822,308.1312
307.0000,291.8406,307.9329
307.0000,292.2857,307.7045
307.0000,292.6677,307.3848
307.0000,292.9931,307.0099
307.0000,293.2593,306.5872
307.0000,293.4816,306.1391
307.0000,293.7082,305.6932
307.0000,293.9177,305.2391
307.0000,294.1138,304.7790
307.0000,294.3144,304.3208
307.0000,294.5228,303.8661
307.0000,294.7371,303.4141
307.0000,294.9656,302.9694
307.0000,295.2236,302.5408
307.0000,295.5043,302.1269
307.0000,295.8172,301.7382
307.0000,296.1556,301.3698
307.0000,296.5176,301.0253
307.0000,296.8886,300.6897
307.0000,297.2794,300.3783
307.0000,297.6813,300.0804
307.0000,298.0906,299.7931
307.0000,298.5068,299.5157
307.0000,298.9304,299.2501
307.0000,299.3623,298.9976
307.0000,299.8113,298.7796
307.0000,300.2727,298.5865
307.0000,300.7422,298.4152
307.0000,301.2180,298.2606
307.0000,301.7011,298.1323
307.0000,302.1882,298.0184
307.0000,302.6781,297.9181
307.0000,303.1693,297.8236
307.0000,303.6654,297.7609
307.0000,304.1625,297.7053
307.0000,304.6578,297.6355
307.0000,305.1529,297.5640
307.0000,305.6497,297.5067
307.0000,306.1472,297.4541
307.0000,306.6460,297.4195
307.0000,307.1457,297.3958
307.0000,307.6456,297.3805
307.0000,308.1458,297.3790
307.0000,308.6457,297.3859
307.0000,309.1446,297.4228
307.0000,309.6433,297.4607
307.0000,310.1417,297.5039
307.0000,310.6401,297.5470
307.0000,311.1365,297.6083
307.0000,311.6330,297.6689
307.0000,312.1304,297.7228
307.0000,312.6279,297.7745
307.0000,313.1266,297.8129
307.0000,313.6257,297.8408
307.0000,314.1259,297.8378
307.0000,314.6257,297.8247
307.0000,315.1243,297.7845
307.0000,315.6221,297.7364
307.0000,316.1175,297.6672
307.0000,316.6123,297.5941
307.0000,317.1044,297.5048
307.0000,317.5966,297.4155
307.0000,318.0853,297.3088
307.0000,318.5739,297.2014
307.0000,319.0561,297.0686
307.0000,319.5375,296.9328
307.0000,320.0113,296.7726
307.0000,320.4838,296.6085
307.0000,320.9521,296.4327
307.0000,321.4212,296.2590
307.0000,321.8934,296.0940
307.0000,322.3660,295.9301
307.0000,322.8398,295.7697
307.0000,323.3144,295.6117
307.0000,323.7935,295.4680
307.0000,324.2727,295.3243
307.0000,324.7581,295.2040
307.0000,325.2449,295.0889
307.0000,325.7331,294.9804
307.0000,326.2249,294.8889
307.0000,326.7167,294.7975
307.0000,327.2099,294.7149
307.0000,327.7047,294.6412
307.0000,328.1995,294.5675
307.0000,328.6950,294.4996
307.0000,329.1911,294.4348
307.0000,329.6871,294.3701
307.0000,330.1837,294.3105
307.0000,330.6805,294.2517
307.0000,331.1773,294.1935
307.0000,331.6744,294.1373
307.0000,332.1714,294.0811
307.0000,332.6688,294.0276
307.0000,333.1662,293.9748
307.0000,333.6635,293.9213
307.0000,334.1608,293.8671
307.0000,334.6585,293.8165
307.0000,335.1567,293.7719
307.0000,335.6554,293.7345
307.0000,336.1550,293.7086
307.0000,336.6548,293.6924
307.0000,337.1550,293.6856
307.0000,337.6552,293.6831
307.0000,338.1554,293.6838
307.0000,338.6557,293.6865
307.0000,339.1559,293.6907
307.0000,339.6553,293.6716
307.0000,340.1543,293.6366
307.0000,340.6493,293.5696
307.0000,341.1416,293.4805
307.0000,341.6183,293.3354
307.0000,342.0865,293.1593
307.0000,342.5328,292.9375
307.0000,342.9634,292.6829
307.0000,343.3471,292.3665
307.0000,343.7088,292.0209
307.0000,343.9717,291.6006
307.0000,344.2060,291.1586
307.0000,344.3612,290.6871
307.0000,344.4746,290.1999
307.0000,344.5643,289.7092
307.0000,344.5975,289.2100
307.0000,344.6307,288.7109
307.0000,344.6179,288.2117
307.0000,344.5869,287.7124
307.0000,344.5536,287.2134
307.0000,344.4865,286.7177
307.0000,344.4193,286.2220
307.0000,344.3622,285.7252
307.0000,344.3184,285.2269
307.0000,344.2747,284.7286
307.0000,344.2682,284.2285
307.0000,344.2641,283.7283
307.0000,344.3507,283.2392
307.0000,344.4759,282.7549
307.0000,344.7898,282.3756
307.0000,345.1849,282.0900
307.0000,345.6553,281.9198
307.0000,346.1530,281.8966
307.0000,346.6465,281.9344
307.0000,347.1250,282.0802
307.0000,347.5645,282.3082
307.0000,347.9803,282.5863
307.0000,348.3173,282.9531
307.0000,348.6354,283.3378
307.0000,348.8464,283.7913
307.0000,349.0384,284.2517
307.0000,349.1651,284.7356
307.0000,349.2711,285.2238
307.0000,349.3463,285.7183
307.0000,349.4230,286.2126
307.0000,349.5021,286.7065
307.0000,349.5944,287.1982
307.0000,349.6755,287.6916
307.0000,349.7462,288.1868
307.0000,349.8145,288.6824
307.0000,349.8901,289.1768
307.0000,349.9646,289.6715
307.0000,350.0362,290.1665
307.0000,350.1072,290.6617
307.0000,350.1773,291.1570
307.0000,350.2468,291.6524
307.0000,350.3008,292.1497
307.0000,350.3547,292.6470
307.0000,350.4076,293.1444
307.0000,350.4568,293.6421
307.0000,350.4827,294.1416
307.0000,350.5082,294.6412
307.0000,350.5214,295.1413
307.0000,350.5346,295.6413
307.0000,350.5472,296.1414
307.0000,350.5596,296.6414
307.0000,350.5769,297.1413
307.0000,350.6007,297.6410
307.0000,350.6244,298.1406
307.0000,350.6716,298.6386
307.0000,350.7201,299.1365
307.0000,350.7751,299.6336
307.0000,350.8376,300.1299
307.0000,350.9002,300.6262
307.0000,350.9636,301.1224
307.0000,351.0272,301.6186
307.0000,351.0897,302.1148
307.0000,351.1490,302.6115
307.0000,351.2083,303.1082
307.0000,351.2603,303.6057
307.0000,351.3077,304.1037
307.0000,351.3547,304.6017
307.0000,351.3921,305.1005
307.0000,351.4296,305.5993
307.0000,351.4386,306.0992
307.0000,351.4382,306.5994
307.0000,351.4290,307.0994
307.0000,351.4043,307.5990
307.0000,351.3795,308.0986
307.0000,351.3484,308.5979
307.0000,351.3161,309.0971
307.0000,351.2844,309.5963
307.0000,351.2548,310.0956
307.0000,351.2253,310.5950
307.0000,351.2017,311.0946
307.0000,351.1838,311.5945
307.0000,351.1659,312.0944
307.0000,351.1672,312.5945
307.0000,351.1741,313.0947
307.0000,351.1818,313.5949
307.0000,351.2049,314.0945
307.0000,351.2281,314.5942
307.0000,351.2600,315.0933
307.0000,351.3045,315.5916
307.0000,351.3506,316.0896
307.0000,351.4273,316.5839
307.0000,351.5041,317.0782
307.0000,351.6333,317.5611
307.0000,351.7691,318.0425
307.0000,351.9151,318.5210
307.0000,352.0618,318.9992
307.0000,352.1924,319.4820
307.0000,352.3228,319.9650
307.0000,352.4482,320.4492
307.0000,352.5731,320.9336
307.0000,352.6771,321.4229
307.0000,352.7726,321.9136
307.0000,352.8289,322.4106
307.0000,352.8815,322.9080
307.0000,352.9220,323.4066
307.0000,352.9631,323.9051
307.0000,353.0149,324.4027
307.0000,353.0666,324.9002
307.0000,353.1251,325.3969
307.0000,353.1947,325.8923
307.0000,353.2642,326.3876
307.0000,353.3479,326.8805
307.0000,353.4493,327.3704
307.0000,353.5508,327.8602
307.0000,353.6643,328.3472
307.0000,353.7913,328.8310
307.0000,353.9184,329.3148
307.0000,354.0537,329.7963
307.0000,354.1959,330.2759
307.0000,354.3380,330.7555
307.0000,354.4849,331.2337
307.0000,354.6332,331.7114
307.0000,354.7828,332.1888
307.0000,354.9347,332.6653
307.0000,355.0772,333.1446
307.0000,355.1961,333.6305
307.0000,355.2640,334.1244
307.0000,355.2994,334.6233
307.0000,355.3018,335.1235
307.0000,355.3061,335.6237
307.0000,355.3164,336.1239
307.0000,355.3272,336.6240
307.0000,355.3415,337.1240
307.0000,355.3559,337.6240
307.0000,355.3726,338.1239
307.0000,355.3900,338.6239
307.0000,355.4020,339.1239
307.0000,355.4059,339.6241
307.0000,355.4099,340.1243
307.0000,355.4146,340.6245
307.0000,355.4193,341.1247
307.0000,355.4357,341.6246
307.0000,355.4558,342.1244
307.0000,355.4920,342.6232
307.0000,355.5352,343.1216
307.0000,355.5880,343.6190
307.0000,355.6465,344.1157
307.0000,355.7061,344.6124
307.0000,355.7663,345.1090
307.0000,355.8301,345.6051
307.0000,355.8958,346.1010
307.0000,355.9598,346.5971
307.0000,356.0227,347.0934
307.0000,356.0823,347.5900
307.0000,356.1376,348.0872
307.0000,356.1912,348.5845
307.0000,356.2268,349.0834
307.0000,356.2624,349.5824
307.0000,356.2818,350.0822
307.0000,356.2963,350.5822
307.0000,356.3043,351.0822
307.0000,356.2998,351.5824
307.0000,356.2954,352.0826
307.0000,356.3121,352.5825
307.0000,356.3328,353.0823
307.0000,356.3597,353.5817
307.0000,356.3951,354.0807
307.0000,356.4365,354.5789
307.0000,356.5247,355.0713
307.0000,356.6128,355.5637
307.0000,356.7399,356.0475
307.0000,356.8798,356.5262
307.0000,357.1290,356.9599
307.0000,357.4264,357.3572
307.0000,357.7761,357.7149
307.0000,358.2076,357.9620
307.0000,358.6615,358.1687
307.0000,359.1383,358.3199
307.0000,359.6191,358.4573
307.0000,360.1034,358.5828
307.0000,360.5802,358.7331
307.0000,361.0547,358.8916
307.0000,361.5054,359.1076
307.0000,361.9536,359.3297
307.0000,362.3755,359.5980
307.0000,362.7950,359.8704
307.0000,363.1592,360.2131
307.0000,363.5221,360.5574
307.0000,363.8306,360.9503
307.0000,364.1318,361.3496
307.0000,364.3923,361.7766
307.0000,364.6457,362.2073
307.0000,364.8306,362.6721
307.0000,365.0024,363.1413
307.0000,365.1383,363.6227
307.0000,365.2627,364.1071
307.0000,365.3737,364.5948
307.0000,365.4708,365.0852
307.0000,365.5432,365.5801
307.0000,365.6191,366.0745
307.0000,365.7008,366.5680
307.0000,365.7870,367.0607
307.0000,365.8915,367.5499
307.0000,365.9963,368.0390
307.0000,366.1317,368.5205
307.0000,366.2672,369.0020
307.0000,366.4108,369.4812
307.0000,366.5569,369.9596
307.0000,366.7070,370.4367
307.0000,366.8631,370.9120
307.0000,367.0157,371.3883
307.0000,367.1594,371.8674
307.0000,367.2994,372.3477
307.0000,367.4343,372.8294
307.0000,367.5694,373.3110
307.0000,367.7047,373.7926
307.0000,367.8774,374.2618
307.0000,368.0551,374.7294
307.0000,368.2881,375.1720
307.0000,368.5316,375.6080
307.0000,368.8355,376.0053
307.0000,369.1466,376.3963
307.0000,369.5027,376.7476
307.0000,369.8604,377.0971
307.0000,370.2508,377.4098
307.0000,370.6413,377.7225
307.0000,371.0326,378.0341
307.0000,371.4239,378.3458
307.0000,371.8026,378.6724
307.0000,372.1803,379.0005
307.0000,372.5284,379.3588
307.0000,372.8669,379.7272
307.0000,373.1740,380.1206
307.0000,373.4595,380.5314
307.0000,373.7289,380.9519
307.0000,373.9613,381.3948
307.0000,374.1950,381.8370
307.0000,374.4503,382.2672
307.0000,374.6974,382.7015
307.0000,374.8899,383.1632
307.0000,375.0513,383.6355
307.0000,375.1790,384.1191
307.0000,375.1983,384.6187
307.0000,375.1108,385.1065
307.0000,374.9893,385.5917
307.0000,374.8765,386.0790
307.0000,374.7950,386.5725
307.0000,374.7170,387.0666
307.0000,374.6649,387.5639
307.0000,374.6192,388.0620
307.0000,374.5881,388.5609
307.0000,374.5828,389.0611
307.0000,374.5775,389.5613
307.0000,374.6078,390.0602
307.0000,374.6503,390.5586
307.0000,374.6929,391.0570
307.0000,374.8025,391.5450
307.0000,374.9127,392.0329
307.0000,375.0168,392.5221
307.0000,375.1042,393.0146
307.0000,375.1916,393.5071
307.0000,375.2743,394.0004
307.0000,375.3467,394.4954
307.0000,375.4191,394.9903
307.0000,375.4860,395.4860
307.0000,375.5407,395.9832
307.0000,375.5953,396.4804
307.0000,375.6355,396.9788
307.0000,375.6570,397.4785
307.0000,375.6785,397.9783
307.0000,375.6849,398.4784
307.0000,375.6840,398.9786
307.0000,375.6832,399.4788
307.0000,375.6728,399.9789
307.0000,375.6620,400.4790
307.0000,375.6445,400.9789
307.0000,375.6150,401.4782
307.0000,375.5867,401.9776
307.0000,375.5654,402.4774
307.0000,375.5533,402.9772
307.0000,375.5665,403.4773
307.0000,375.6141,403.9739
307.0000,375.6993,404.4668
307.0000,375.7893,404.9589
307.0000,375.8818,405.4505
307.0000,375.9799,405.9410
307.0000,376.0803,406.4310
307.0000,376.1876,406.9195
307.0000,376.3033,407.4062
307.0000,376.4523,407.4211
307.0000,376.4140,406.9223
307.0000,376.3173,406.4322
307.0000,376.2103,405.9435
307.0000,376.0785,405.4612
307.0000,375.9381,404.9811
307.0000,375.7963,404.5014
307.0000,375.6182,404.0340
307.0000,375.4401,403.5666
307.0000,375.2620,403.0991
307.0000,375.0549,402.6438
307.0000,374.8461,402.1893
307.0000,374.6372,401.7348
307.0000,374.3844,401.3037
307.0000,374.1233,400.8770
307.0000,373.8622,400.4503
307.0000,373.5421,400.0660
307.0000,373.2214,399.6821
307.0000,372.9016,399.2974
307.0000,372.5822,398.9125
307.0000,372.2575,398.5322
307.0000,371.9158,398.1669
307.0000,371.5741,397.8015
307.0000,371.1986,397.4714
307.0000,370.8193,397.1453
307.0000,370.4058,396.8646
307.0000,369.9851,396.5943
307.0000,369.5490,396.3493
307.0000,369.1055,396.1189
307.0000,368.6504,395.9112
307.0000,368.1908,395.7140
307.0000,367.7285,395.5228
307.0000,367.2682,395.3271
307.0000,366.8095,395.1277
307.0000,366.3562,394.9161
307.0000,365.9038,394.7028
307.0000,365.4518,394.4885
307.0000,364.9956,394.2833
307.0000,364.5377,394.0818
307.0000,364.0733,393.8973
307.0000,363.5964,393.7471
307.0000,363.1087,393.6355
307.0000,362.6210,393.5245
307.0000,362.1327,393.4158
307.0000,361.6433,393.3125
307.0000,361.1517,393.2206
307.0000,360.6579,393.1404
307.0000,360.1623,393.0727
307.0000,359.6655,393.0152
307.0000,359.1682,392.9618
307.0000,358.6721,392.8973
307.0000,358.1794,392.8121
307.0000,357.6877,392.7199
307.0000,357.1966,392.6247
307.0000,356.7056,392.5294
307.0000,356.2136,392.4388
307.0000,355.7213,392.3503
307.0000,355.2295,392.2592
307.0000,354.7403,392.1544
307.0000,354.2512,392.0497
307.0000,353.7629,391.9415
307.0000,353.2758,391.8275
307.0000,352.7887,391.7135
307.0000,352.3026,391.5956
307.0000,351.8178,391.4724
307.0000,351.3330,391.3492
307.0000,350.8498,391.2200
307.0000,350.3674,391.0876
307.0000,349.8830,390.9639
307.0000,349.3919,390.8689
307.0000,348.9007,390.7739
307.0000,348.4077,390.6895
307.0000,347.9144,390.6063
307.0000,347.4211,390.5235
307.0000,346.9278,390.4407
307.0000,346.4336,390.3637
307.0000,345.9387,390.2905
307.0000,345.4435,390.2211
307.0000,344.9451,390.1784
307.0000,344.4467,390.1357
307.0000,343.9482,390.0937
307.0000,343.4497,390.0523
307.0000,342.9512,390.0108
307.0000,342.4539,389.9568
307.0000,341.9568,389.9009
307.0000,341.4596,389.8463
307.0000,340.9621,389.7940
307.0000,340.4646,389.7417
307.0000,339.9661,389.7015
307.0000,339.4682,389.6543
307.0000,338.9739,389.5781
307.0000,338.4850,389.4750
307.0000,338.0442,389.2393
307.0000,337.6410,388.9433
307.0000,337.3142,388.5646
307.0000,336.8721,388.3329
307.0000,336.4171,388.1259
307.0000,335.9549,387.9348
307.0000,335.4667,387.8260
307.0000,334.9743,387.7553
307.0000,334.4740,387.7575
307.0000,333.9884,387.8461
307.0000,333.5150,388.0078
307.0000,333.0694,388.2310
307.0000,332.6350,388.4790
307.0000,332.2314,388.7725
307.0000,331.8402,389.0843
307.0000,331.4718,389.4219
307.0000,331.1133,389.7707
307.0000,330.8691,390.2006
307.0000,330.7484,390.6632
307.0000,330.8670,391.1491
307.0000,331.1264,391.5760
307.0000,331.4852,391.9047
307.0000,331.9138,392.1626
307.0000,332.3930,392.2999
307.0000,332.8774,392.4246
307.0000,333.3763,392.4464
307.0000,333.8763,392.4600
307.0000,334.3732,392.4174
307.0000,334.8685,392.3477
307.0000,335.3518,392.2293
307.0000,335.8222,392.0592
307.0000,336.2495,391.8115
307.0000,336.6428,391.5023
307.0000,336.8748,391.0610
307.0000,337.0462,390.5932
307.0000,337.1540,390.1067
307.0000,337.2019,389.6088
307.0000,337.2260,389.1092
307.0000,337.1267,388.6208
307.0000,337.0908,388.1229
307.0000,337.2165,387.6420
307.0000,337.5092,387.2385
307.0000,337.9027,386.9296
307.0000,338.3436,386.6943
307.0000,338.8138,386.5284
307.0000,339.2992,386.4106
307.0000,339.7908,386.3180
307.0000,340.2850,386.2409
307.0000,340.7794,386.1648
307.0000,341.2744,386.0943
307.0000,341.7742,386.0723
307.0000,342.2742,386.0574
307.0000,342.7743,386.0460
307.0000,343.2744,386.0449
307.0000,343.7747,386.0469
307.0000,344.2748,386.0525
307.0000,344.7750,386.0599
307.0000,345.2752,386.0669
307.0000,345.7754,386.0730
307.0000,346.2756,386.0791
307.0000,346.7757,386.0884
307.0000,347.2758,386.0992
307.0000,347.7757,386.1148
307.0000,348.2750,386.1447
307.0000,348.7745,386.1713
307.0000,349.2746,386.1830
307.0000,349.7747,386.1898
307.0000,350.2749,386.1864
307.0000,350.7730,386.1474
307.0000,351.2697,386.0879
307.0000,351.7658,386.0239
307.0000,352.2589,385.9399
307.0000,352.7503,385.8472
307.0000,353.2390,385.7402
307.0000,353.7275,385.6327
307.0000,354.2159,385.5248
307.0000,354.7046,385.4177
307.0000,355.1935,385.3122
307.0000,355.6825,385.2068
307.0000,356.1713,385.1003
307.0000,356.6600,384.9937
307.0000,357.1497,384.8919
307.0000,357.6409,384.7974
307.0000,358.1326,384.7052
307.0000,358.6251,384.6178
307.0000,359.1185,384.5359
307.0000,359.6143,384.4695
307.0000,360.1101,384.4032
307.0000,360.6059,384.3370
307.0000,361.1017,384.2709
307.0000,361.5974,384.2035
307.0000,362.0929,384.1351
307.0000,362.5885,384.0667
307.0000,363.0827,383.9895
307.0000,363.5767,383.9107
307.0000,364.0706,383.8320
307.0000,364.5621,383.7390
307.0000,365.0532,383.6440
307.0000,365.5444,383.5490
307.0000,366.0352,383.4528
307.0000,366.5259,383.3554
307.0000,367.0165,383.2580
307.0000,367.5072,383.1605
307.0000,367.9981,383.0644
307.0000,368.4890,382.9685
307.0000,368.9799,382.8726
307.0000,369.4720,382.7832
307.0000,369.9674,382.7141
307.0000,370.4628,382.6449
307.0000,370.9588,382.5846
307.0000,371.4589,382.5929
307.0000,371.9591,382.6011
307.0000,372.4234,382.7819
307.0000,372.7751,383.0894
307.0000,372.9854,383.5425
307.0000,373.0306,384.0407
307.0000,373.0272,384.5362
307.0000,372.9281,385.0265
307.0000,372.8318,385.5174
307.0000,372.7400,386.0091
307.0000,372.6565,386.5022
307.0000,372.5880,386.9977
307.0000,372.5399,387.4945
307.0000,372.5483,387.9946
307.0000,372.5673,388.4936
307.0000,372.6664,388.9839
307.0000,372.7655,389.4742
307.0000,372.9057,389.9543
307.0000,373.0474,390.4341
307.0000,373.1844,390.9151
307.0000,373.3186,391.3970
307.0000,373.4530,391.8789
307.0000,373.5901,392.3599
307.0000,373.7273,392.8410
307.0000,373.8649,393.3219
307.0000,374.0040,393.8024
307.0000,374.1431,394.2829
307.0000,374.2795,394.7641
307.0000,374.4091,395.2473
307.0000,374.5387,395.7304
307.0000,374.6669,396.2139
307.0000,374.7890,396.6990
307.0000,374.9111,397.1841
307.0000,375.0332,397.6692
307.0000,375.1276,398.1604
307.0000,375.2209,398.6518
307.0000,375.3142,399.1433
307.0000,375.3688,399.6401
307.0000,375.4121,400.1384
307.0000,375.4554,400.6368
307.0000,375.4859,401.1359
307.0000,375.5066,401.6357
307.0000,375.5273,402.1355
307.0000,375.5434,402.6354
307.0000,375.5521,403.1356
307.0000,375.5609,403.6357
307.0000,375.5682,404.1359
307.0000,375.5725,404.6361
307.0000,375.5767,405.1363
307.0000,375.5966,405.6358
307.0000,375.6365,406.1344
307.0000,375.6765,406.6331
307.0000,375.7534,407.1266
307.0000,375.8501,407.6174
307.0000,375.9468,408.1081
307.0000,376.0804,408.5895
307.0000,376.2304,409.0667
307.0000,376.3804,409.5439
307.0000,376.5525,410.0136
307.0000,376.7261,410.4827
307.0000,376.9014,410.9512
307.0000,377.0820,411.4177
307.0000,377.2626,411.8842
307.0000,377.4410,412.3515
307.0000,377.6169,412.8198
307.0000,377.7929,413.2880
307.0000,377.9509,413.7626
307.0000,378.1082,414.2375
307.0000,378.2640,414.7128
307.0000,378.4192,415.1883
307.0000,378.5689,415.6656
307.0000,378.7157,416.1438
307.0000,378.8895,416.6124
307.0000,379.0777,417.0759
307.0000,379.2989,417.5240
307.0000,379.5313,417.9670
307.0000,379.8336,418.3622
307.0000,380.1614,418.7401
307.0000,380.5204,419.0832
307.0000,380.9308,419.3692
307.0000,381.3413,419.6551
307.0000,381.7996,419.8517
307.0000,382.2650,420.0350
307.0000,382.7337,420.2080
307.0000,383.2198,420.3260
307.0000,383.7059,420.4440
307.0000,384.1927,420.5583
307.0000,384.6900,420.6121
307.0000,385.1873,420.6659
307.0000,385.6846,420.7197
307.0000,386.1842,420.7399
307.0000,386.6843,420.7537
307.0000,387.1843,420.7675
307.0000,387.6844,420.7740
307.0000,388.1846,420.7736
307.0000,388.6849,420.7731
307.0000,389.1851,420.7739
307.0000,389.6849,420.7941
307.0000,390.1847,420.8143
307.0000,390.6845,420.8345
307.0000,391.1841,420.8598
307.0000,391.6835,420.8877
307.0000,392.1830,420.9155
307.0000,392.6823,420.9450
307.0000,393.1815,420.9767
307.0000,393.6808,421.0083
307.0000,394.1799,421.0412
307.0000,394.6788,421.0781
307.0000,395.1776,421.1149
307.0000,395.6765,421.1518
307.0000,396.1741,421.2023
307.0000,396.6715,421.2552
307.0000,397.1689,421.3082
307.0000,397.6668,421.3566
307.0000,398.1650,421.4009
307.0000,398.6633,421.4452
307.0000,399.1620,421.4840
307.0000,399.6610,421.5187
307.0000,400.1600,421.5535
307.0000,400.6578,421.6026
307.0000,401.1555,421.6533
307.0000,401.6540,421.6938
307.0000,402.1530,421.7281
307.0000,402.6525,421.7556
307.0000,403.1521,421.7788
307.0000,403.6492,421.7289
307.0000,404.1400,421.6415
307.0000,404.6192,421.4978
307.0000,405.0668,421.2770
307.0000,405.4823,421.0034
307.0000,405.8617,420.6785
307.0000,406.1742,420.2879
307.0000,406.4413,419.8672
307.0000,406.6793,419.4272
306.0012,406.6808,419.2966
305.0641,406.6850,418.9255
304.2212,406.6914,418.3712
303.4740,406.6991,417.6927
302.8101,406.7078,416.9319
302.2152,406.7171,416.1159
301.6771,406.7269,415.2612
301.1860,406.7369,414.3787
300.7342,406.7473,413.4753
300.3159,406.7578,412.5560
299.9263,406.7684,411.6241
299.5618,406.7792,410.6821
299.2192,406.7900,409.7319
298.8962,406.8009,408.7748
298.5906,406.8119,407.8121
298.3008,406.8230,406.8445
298.0253,406.8341,405.8727
297.7629,406.8452,404.8973
297.5125,406.8564,403.9188
297.2731,406.8676,402.9375
297.0440,406.8788,401.9537
296.8244,406.8901,400.9678
296.6138,406.9014,399.9799
296.4115,406.9127,398.9903
296.2170,406.9240,397.9991
296.0300,406.9353,397.0065
295.8500,406.9467,396.0126
295.6766,406.9580,395.0175
295.5096,406.9694,394.0213
295.3485,406.9808,393.0241
295.1932,406.9922,392.0261
295.0434,407.0036,391.0272
294.8988,407.0150,390.0275
294.7593,407.0264,389.0271
294.6246,407.0378,388.0260
294.4946,407.0493,387.0243
294.3691,407.0607,386.0221
294.2480,407.0722,385.0193
294.1310,407.0836,384.0160
294.0182,407.0951,383.0122
293.9092,407.1066,382.0080
293.8041,407.1180,381.0034
293.7027,407.1295,379.9985
293.6050,407.1410,378.9931
293.5108,407.1525,377.9875
293.4200,407.1640,376.9815
293.3325,407.1754,375.9752
293.2483,407.1869,374.9686
293.1674,407.1984,373.9618
293.0896,407.2099,372.9547
293.0148,407.2214,371.9474
292.9431,407.2329,370.9398
292.8743,407.2444,369.9321
292.8084,407.2560,368.9242
292.7454,407.2675,367.9161
292.6851,407.2790,366.9078
292.6276,407.2905,365.8993
292.5729,407.3020,364.8907
292.5208,407.3135,363.8820
292.4714,407.3250,362.8731
292.4246,407.3366,361.8641
292.3803,407.3481,360.8550
292.3386,407.3596,359.8458
292.2995,407.3711,358.8365
292.2628,407.3827,357.8271
292.2286,407.3942,356.8176
292.1968,407.4057,355.8080
292.1675,407.4172,354.7983
292.1406,407.4288,353.7886
292.1161,407.4403,352.7788
292.0939,407.4518,351.7690
292.0741,407.4634,350.7591
292.0567,407.4749,349.7492
292.0416,407.4864,348.7392
292.0289,407.4980,347.7292
292.0185,407.5095,346.7192
292.0104,407.5210,345.7091
292.0046,407.5326,344.6990
292.0012,407.5441,343.6890
292.0000,407.5556,342.6789
292.0012,407.5672,341.6688
292.0046,407.5787,340.6587
292.0104,407.5902,339.6487
292.0185,407.6018,338.6386
292.0289,407.6133,337.6286
292.0416,407.6248,336.6186
292.0567,407.6364,335.6086
292.0741,407.6479,334.5987
292.0939,407.6594,333.5888
292.1161,407.6710,332.5790
292.1406,407.6825,331.5692
292.1675,407.6940,330.5594
292.1968,407.7055,329.5498
292.2286,407.7171,328.5402
292.2628,407.7286,327.5307
292.2995,407.7401,326.5213
292.3386,407.7516,325.5120
292.3803,407.7632,324.5027
292.4246,407.7747,323.4936
292.4714,407.7862,322.4846
292.5208,407.7977,321.4758
292.5729,407.8092,320.4670
292.6276,407.8208,319.4584
292.6851,407.8323,318.4500
292.7454,407.8438,317.4417
292.8084,407.8553,316.4336
292.8743,407.8668,315.4257
292.9431,407.8783,314.4179
293.0148,407.8898,313.4104
293.0896,407.9013,312.4031
293.1674,407.9128,311.3960
293.2483,407.9243,310.3892
293.3325,407.9358,309.3826
293.4200,407.9473,308.3763
293.5108,407.9588,307.3703
293.6050,407.9703,306.3646
293.7027,407.9818,305.3593
293.8041,407.9932,304.3543
293.9092,408.0047,303.3497
294.0182,408.0162,302.3455
294.1310,408.0276,301.3418
294.2480,408.0391,300.3385
294.3691,408.0505,299.3357
294.4946,408.0620,298.3334
294.6246,408.0734,297.3318
294.7593,408.0848,296.3307
294.8988,408.0963,295.3303
295.0434,408.1077,294.3306
295.1932,408.1191,293.3317
295.3485,408.1305,292.3336
295.5096,408.1419,291.3365
295.6766,408.1532,290.3403
295.8500,408.1646,289.3452
296.0300,408.1760,288.3513
296.2170,408.1873,287.3587
296.4115,408.1986,286.3675
296.6138,408.2099,285.3779
296.8244,408.2212,284.3900
297.0440,408.2324,283.4041
297.2731,408.2437,282.4203
297.5125,408.2549,281.4390
297.7629,408.2661,280.4605
298.0253,408.2772,279.4851
298.3008,408.2883,278.5133
298.5906,408.2993,277.5457
298.8962,408.3103,276.5829
299.2192,408.3213,275.6259
299.5618,408.3321,274.6757
299.9263,408.3429,273.7337
300.3159,408.3535,272.8018
300.7342,408.3640,271.8825
301.1860,408.3743,270.9791
301.6771,408.3844,270.0965
302.2152,408.3941,269.2419
302.8101,408.4035,268.4258
303.4740,408.4122,267.6651
304.2212,408.4199,266.9865
305.0641,408.4262,266.4322
306.0012,408.4305,266.0611
307.0000,408.4320,265.9306
307.0000,408.7100,265.6815
307.0000,408.3981,266.0718
307.0000,407.9887,266.3480
307.0000,407.5006,266.3663
307.0000,407.1881,265.9893
307.0000,407.0281,265.5159
307.0000,406.9296,265.0250
307.0000,406.8736,264.5264
307.0000,406.8161,264.0280
307.0000,406.7653,263.5290
307.0000,406.7342,263.0282
307.0000,406.7183,262.5268
307.0000,406.7107,262.0252
307.0000,406.7137,261.5235
307.0000,406.7120,261.0218
307.0000,406.7123,260.5201
307.0000,406.7346,260.0189
307.0000,406.7669,259.5183
307.0000,406.8080,259.0182
307.0000,406.8427,258.5177
307.0000,406.8759,258.0171
307.0000,406.9076,257.5163
307.0000,406.9391,257.0156
307.0000,406.9690,256.5148
307.0000,406.9986,256.0139
307.0000,407.0338,255.5134
307.0000,407.0569,255.0124
307.0000,407.0636,254.5108
307.0000,407.0642,254.0090
307.0000,407.0618,253.5073
307.0000,407.0456,253.0059
307.0000,407.0202,252.5049
307.0000,406.9883,252.0041
307.0000,406.9633,251.5030
307.0000,406.9389,251.0019
307.0000,406.9153,250.5007
307.0000,406.8960,249.9994
307.0000,406.8806,249.4979
307.0000,406.8686,248.9963
307.0000,406.8659,248.4946
307.0000,406.8785,247.9932
307.0000,406.8967,247.4918
307.0000,406.9029,246.9901
307.0000,406.9049,246.4884
307.0000,406.9015,245.9867
307.0000,406.8909,245.4852
307.0000,406.8670,244.9840
307.0000,406.8410,244.4830
307.0000,406.8075,243.9824
307.0000,406.7739,243.4818
307.0000,406.7363,242.9815
307.0000,406.6975,242.4812
307.0000,406.6581,241.9811
307.0000,406.6148,241.4812
307.0000,406.5716,240.9813
307.0000,406.5306,240.4813
307.0000,406.4910,239.9811
307.0000,406.4519,239.4809
307.0000,406.4187,238.9803
307.0000,406.3856,238.4797
307.0000,406.3625,237.9785
307.0000,406.3466,237.4771
307.0000,406.3341,236.9755
307.0000,406.3290,236.4738
307.0000,406.3258,235.9721
307.0000,406.3301,235.4704
307.0000,406.3322,234.9687
307.0000,406.3232,234.4671
307.0000,406.3106,233.9655
307.0000,406.2817,233.4647
307.0000,406.2544,232.9637
307.0000,406.2314,232.4625
307.0000,406.1957,231.9621
307.0000,406.1507,231.4625
307.0000,406.0843,230.9651
307.0000,405.9975,230.4712
307.0000,405.8842,229.9828
307.0000,405.7211,229.5091
307.0000,405.5089,229.0556
307.0000,405.1787,228.6826
307.0000,404.7522,228.4274
307.0000,404.2722,228.2916
307.0000,403.7783,228.2035
307.0000,403.2826,228.1265
307.0000,402.7853,228.0604
307.0000,402.2846,228.0277
307.0000,401.7835,228.0348
307.0000,401.2831,228.0690
307.0000,400.7851,228.1280
307.0000,400.2893,228.2050
307.0000,399.7952,228.2921
307.0000,399.3015,228.3803
307.0000,398.8033,228.4284
307.0000,398.3026,228.4053
307.0000,397.8063,228.3342
307.0000,397.3118,228.2494
307.0000,396.8184,228.1581
307.0000,396.3267,228.0587
307.0000,395.8367,227.9510
307.0000,395.3482,227.8365
307.0000,394.8673,227.6936
307.0000,394.3885,227.5438
307.0000,393.9107,227.3908
307.0000,393.4286,227.2519
307.0000,392.9437,227.1230
307.0000,392.4732,226.9492
307.0000,392.0090,226.7588
307.0000,391.5628,226.5306
307.0000,391.1321,226.2741
307.0000,390.7245,225.9838
307.0000,390.3680,225.6307
307.0000,390.0498,225.2437
307.0000,389.7696,224.8306
307.0000,389.5550,224.3771
307.0000,389.4103,223.8973
307.0000,389.3142,223.4078
307.0000,389.2891,222.9068
307.0000,389.3056,222.4054
307.0000,389.3519,221.9061
307.0000,389.3979,221.4066
307.0000,389.4306,220.9060
307.0000,389.4337,220.4043
307.0000,389.4007,219.9043
307.0000,389.3495,219.4052
307.0000,389.2768,218.9088
307.0000,389.2035,218.4124
307.0000,389.0940,217.9228
307.0000,388.9842,217.4332
307.0000,388.8676,216.9452
307.0000,388.7503,216.4574
307.0000,388.6299,215.9704
307.0000,388.5064,215.4841
307.0000,388.3822,214.9980
307.0000,388.2495,214.5141
307.0000,388.1167,214.0303
307.0000,388.0010,213.5421
307.0000,387.8878,213.0533
307.0000,387.7960,212.5601
307.0000,387.7176,212.0646
307.0000,387.6487,211.5677
307.0000,387.5992,211.0684
307.0000,387.5617,210.5681
307.0000,387.5567,210.0668
307.0000,387.5290,209.5661
307.0000,387.4859,209.0677
307.0000,387.4243,208.5747
307.0000,387.0921,208.2130
307.0000,386.6650,207.9602
307.0000,386.1938,207.7902
307.0000,385.7104,207.6579
307.0000,385.2164,207.5698
307.0000,384.7203,207.4956
307.0000,384.2227,207.4319
307.0000,383.7234,207.3831
307.0000,383.2228,207.3539
307.0000,382.7213,207.3381
307.0000,382.2203,207.3108
307.0000,381.7196,207.2787
307.0000,381.2194,207.2402
307.0000,380.7199,207.1931
307.0000,380.2193,207.1628
307.0000,379.7179,207.1539
307.0000,379.2164,207.1710
307.0000,378.7188,207.2329
307.0000,378.2327,207.3505
307.0000,377.7587,207.5135
307.0000,377.2938,207.7023
307.0000,376.8263,207.8844
307.0000,376.3706,208.0940
307.0000,375.9175,208.3071
307.0000,375.5266,208.6178
307.0000,375.2388,209.0271
307.0000,374.9990,209.4678
307.0000,374.7542,209.9056
307.0000,374.5100,210.3439
307.0000,374.2754,210.7873
307.0000,374.0529,211.2370
307.0000,373.8509,211.6963
307.0000,373.6459,212.1542
307.0000,373.4315,212.6077
307.0000,373.2128,213.0593
307.0000,372.9945,213.5111
307.0000,372.7846,213.9667
307.0000,372.5763,214.4231
307.0000,372.3524,214.8722
307.0000,372.1360,215.3247
307.0000,371.9281,215.7814
307.0000,371.7126,216.2344
307.0000,371.4974,216.6876
307.0000,371.2887,217.1439
307.0000,371.0604,217.5906
307.0000,370.8066,218.0230
307.0000,370.5263,218.4387
307.0000,370.2272,218.8415
307.0000,369.9157,219.2348
307.0000,369.6049,219.6286
307.0000,369.2878,220.0173
307.0000,368.9610,220.3980
307.0000,368.6416,220.7846
307.0000,368.3594,221.1994
307.0000,368.1031,221.6307
307.0000,367.8769,222.0780
307.0000,367.6688,222.5345
307.0000,367.4698,222.9951
307.0000,367.2648,223.4530
307.0000,367.0584,223.9103
307.0000,366.8569,224.3698
307.0000,366.6551,224.8292
307.0000,366.4516,225.2877
307.0000,366.2520,225.7480
307.0000,366.0604,226.2117
307.0000,365.8590,226.6712
307.0000,365.6551,227.1296
307.0000,365.4507,227.5878
307.0000,365.2312,228.0390
307.0000,365.0142,228.4914
307.0000,364.7993,228.9447
307.0000,364.5819,229.3969
307.0000,364.3644,229.8491
307.0000,364.1525,230.3039
307.0000,363.9391,230.7579
307.0000,363.7174,231.2080
307.0000,363.4931,231.6567
307.0000,363.2554,232.0986
307.0000,363.0163,232.5397
307.0000,362.7713,232.9775
307.0000,362.5244,233.4143
307.0000,362.2707,233.8471
307.0000,362.0104,234.2760
307.0000,361.7415,234.6996
307.0000,361.4726,235.1232
307.0000,361.2042,235.5470
307.0000,360.9416,235.9746
307.0000,360.6823,236.4041
307.0000,360.4257,236.8352
307.0000,360.1691,237.2664
307.0000,359.9229,237.7034
307.0000,359.6826,238.1439
307.0000,359.4439,238.5852
307.0000,359.2050,239.0264
307.0000,358.9602,239.4644
307.0000,358.7155,239.9024
307.0000,358.4718,240.3409
307.0000,358.2281,240.7795
307.0000,357.9829,241.2172
307.0000,357.7367,241.6544
307.0000,357.4893,242.0909
307.0000,357.2378,242.5250
307.0000,356.9863,242.9591
307.0000,356.7275,243.3890
307.0000,356.4679,243.8183
307.0000,356.2051,244.2457
307.0000,355.9414,244.6725
307.0000,355.6603,245.0880
307.0000,355.3743,245.5003
307.0000,355.0861,245.9109
307.0000,354.8013,246.3240
307.0000,354.5194,246.7391
307.0000,354.2321,247.1504
307.0000,353.9442,247.5612
307.0000,353.6564,247.9723
307.0000,353.3669,248.3820
307.0000,353.0761,248.7908
307.0000,352.7900,249.2030
307.0000,352.5050,249.6160
307.0000,352.2229,250.0308
307.0000,351.9436,250.4477
307.0000,351.6682,250.8670
307.0000,351.4045,251.2938
307.0000,351.1454,251.7234
307.0000,350.9047,252.1637
307.0000,350.6699,252.6069
307.0000,350.4456,253.0558
307.0000,350.2352,253.5111
307.0000,350.0320,253.9698
307.0000,349.8321,254.4300
307.0000,349.6452,254.8956
307.0000,349.4808,255.3695
307.0000,349.4791,255.6017
307.0000,349.1495,255.2410
307.0000,348.7496,254.9390
307.0000,348.3364,254.6544
307.0000,347.9124,254.3863
307.0000,347.4872,254.1200
307.0000,347.0502,253.8737
307.0000,346.6114,253.6302
307.0000,346.1536,253.4256
307.0000,345.6936,253.2252
307.0000,345.2203,253.0605
307.0000,344.7417,252.9097
307.0000,344.2577,252.7794
307.0000,343.7684,252.6683
307.0000,343.2772,252.5665
307.0000,342.7837,252.4758
307.0000,342.2931,252.3718
307.0000,341.8057,252.2528
307.0000,341.3195,252.1293
307.0000,340.8350,251.9990
307.0000,340.3505,251.8686
307.0000,339.8670,251.7346
307.0000,339.3835,251.6005
307.0000,338.9005,251.4648
307.0000,338.4181,251.3267
307.0000,337.9358,251.1886
307.0000,337.4562,251.0413
307.0000,336.9772,250.8920
307.0000,336.4985,250.7417
307.0000,336.0207,250.5886
307.0000,335.5427,250.4360
307.0000,335.0634,250.2878
307.0000,334.5841,250.1395
307.0000,334.1043,249.9928
307.0000,333.6245,249.8459
307.0000,333.1455,249.6966
307.0000,332.6645,249.5541
307.0000,332.1806,249.4216
307.0000,331.6886,249.3385
307.0000,331.4813,248.8972
307.0000,331.3916,248.4039
307.0000,331.3198,247.9073
307.0000,331.2957,247.4064
307.0000,331.3072,246.9051
307.0000,331.3566,246.4064
307.0000,331.3937,245.9074
307.0000,331.3573,245.4088
307.0000,331.2124,244.9330
307.0000,330.9798,244.4890
307.0000,330.7037,244.0720
307.0000,330.3704,243.6970
307.0000,329.9884,243.3723
307.0000,329.5796,243.0844
307.0000,329.1453,242.8335
307.0000,328.6724,242.6658
307.0000,328.1876,242.5425
307.0000,327.6922,242.4786
307.0000,327.1911,242.4959
307.0000,326.6978,242.5873
307.0000,326.2392,242.7852
307.0000,325.8318,243.0714
307.0000,325.4911,243.4345
307.0000,325.2146,243.8525
307.0000,324.9826,244.2963
307.0000,324.8182,244.7691
307.0000,324.7435,245.2646
307.0000,324.7705,245.7656
307.0000,324.8748,246.2561
307.0000,325.0045,246.7407
307.0000,325.2238,247.1909
307.0000,325.4837,247.6197
307.0000,325.8061,248.0004
307.0000,326.1767,248.3364
307.0000,326.5853,248.6276
307.0000,327.0435,248.8287
307.0000,327.5150,248.9980
307.0000,327.9974,249.1362
307.0000,328.4917,249.2202
307.0000,328.9892,249.2451
307.0000,329.4890,249.2028
307.0000,329.9505,249.0059
307.0000,330.3529,248.7159
307.0000,330.6966,248.3537
307.0000,330.9875,247.9463
307.0000,331.1993,247.4915
307.0000,331.4035,247.0332
307.0000,331.5936,246.5692
307.0000,331.7584,246.0954
307.0000,331.9454,245.6298
307.0000,332.1708,245.1834
307.0000,332.4421,244.7626
307.0000,332.7788,244.3907
307.0000,333.1517,244.0565
307.0000,333.5521,243.7571
307.0000,333.9907,243.5133
307.0000,334.4489,243.3114
307.0000,334.9186,243.1363
307.0000,335.4053,243.0144
307.0000,335.8964,242.9134
307.0000,336.3914,242.8317
307.0000,336.8898,242.7759
307.0000,337.3892,242.7278
307.0000,337.8901,242.7000
307.0000,338.3909,242.6703
307.0000,338.8906,242.6246
307.0000,339.3899,242.5753
307.0000,339.8883,242.5182
307.0000,340.3864,242.4583
307.0000,340.8836,242.3905
307.0000,341.3802,242.3196
307.0000,341.8759,242.2418
307.0000,342.3709,242.1599
307.0000,342.8646,242.0706
307.0000,343.3584,241.9816
307.0000,343.8523,241.8933
307.0000,344.3455,241.8016
307.0000,344.8377,241.7041
307.0000,345.3300,241.6074
307.0000,345.8226,241.5122
307.0000,346.3156,241.4189
307.0000,346.8105,241.3367
307.0000,347.3055,241.2546
307.0000,347.7996,241.1674
307.0000,348.2934,241.0791
307.0000,348.7864,240.9857
307.0000,349.2785,240.8879
307.0000,349.7713,240.7939
307.0000,350.2651,240.7049
307.0000,350.7591,240.6173
307.0000,351.2534,240.5315
307.0000,351.7465,240.4387
307.0000,352.2393,240.3444
307.0000,352.7324,240.2518
307.0000,353.2230,240.1468
307.0000,353.7141,240.0439
307.0000,354.2061,239.9456
307.0000,354.6982,239.8478
307.0000,355.1915,239.7576
307.0000,355.6880,239.6862
307.0000,356.1807,239.5916
307.0000,356.6679,239.4717
307.0000,357.1434,239.3115
307.0000,357.5977,239.0987
307.0000,358.0166,238.8227
305.9731,358.0583,238.8161
304.9536,358.1863,238.7958
303.9497,358.4033,238.7614
302.9700,358.7099,238.7127
302.0229,359.1038,238.6502
301.1156,359.5804,238.5745
300.2535,360.1331,238.4868
299.4406,360.7541,238.3883
298.6786,361.4353,238.2801
297.9680,362.1688,238.1637
297.3081,362.9471,238.0402
296.6974,363.7637,237.9106
296.1339,364.6127,237.7759
295.6155,365.4894,237.6367
295.1397,366.3894,237.4939
294.7046,367.3092,237.3479
294.3080,368.2458,237.1992
293.9478,369.1967,237.0483
293.6225,370.1598,236.8955
293.3303,371.1332,236.7410
293.0699,372.1154,236.5851
292.8400,373.1050,236.4280
292.6395,374.1008,236.2700
292.4676,375.1018,236.1111
292.3234,376.1070,235.9516
292.2063,377.1157,235.7915
292.1158,378.1271,235.6310
292.0514,379.1404,235.4702
292.0128,380.1550,235.3091
292.0000,381.1702,235.1480
292.0128,382.1854,234.9869
292.0514,383.2000,234.8259
292.1158,384.2133,234.6650
292.2063,385.2246,234.5045
292.3234,386.2333,234.3444
292.4676,387.2386,234.1849
292.6395,388.2396,234.0260
292.8400,389.2354,233.8680
293.0699,390.2250,233.7109
293.3303,391.2071,233.5550
293.6225,392.1805,233.4005
293.9478,393.1436,233.2477
294.3080,394.0946,233.0968
294.7046,395.0312,232.9481
295.1397,395.9510,232.8021
295.6155,396.8510,232.6593
296.1339,397.7276,232.5202
296.6974,398.5767,232.3854
297.3081,399.3932,232.2558
297.9680,400.1716,232.1323
298.6786,400.9050,232.0159
299.4406,401.5862,231.9078
300.2535,402.2073,231.8092
301.1156,402.7599,231.7215
302.0229,403.2365,231.6458
302.9700,403.6305,231.5833
303.9497,403.9371,231.5347
304.9536,404.1541,231.5002
305.9731,404.2820,231.4799
307.0000,404.3237,231.4733
307.0000,404.0176,231.6279
307.0000,403.6619,231.9774
307.0000,403.3716,232.3849
307.0000,403.1157,232.8155
307.0000,402.8889,233.2626
307.0000,402.7076,233.7292
307.0000,402.5428,234.2026
307.0000,402.3869,234.6790
307.0000,402.2591,235.1636
307.0000,402.1625,235.6548
307.0000,402.0986,236.1519
307.0000,402.0327,236.6487
307.0000,401.9827,237.1473
307.0000,401.9313,237.6460
307.0000,401.8821,238.1448
307.0000,401.8316,238.6435
307.0000,401.7715,239.1411
307.0000,401.6948,239.6363
307.0000,401.6088,240.1302
307.0000,401.5118,240.6218
307.0000,401.3771,241.1042
307.0000,401.2452,241.5875
307.0000,401.1195,242.0728
307.0000,400.9874,242.5563
307.0000,400.8620,243.0416
307.0000,400.7373,243.5271
307.0000,400.6123,244.0126
307.0000,400.4802,244.4961
307.0000,400.3422,244.9780
307.0000,400.1847,245.4538
307.0000,400.0204,245.9273
307.0000,399.8491,246.3984
307.0000,399.6809,246.8706
307.0000,399.5298,247.3485
307.0000,399.3910,247.8301
307.0000,399.2606,248.3141
307.0000,399.1464,248.8022
307.0000,399.0321,249.2902
307.0000,398.9173,249.7781
307.0000,398.8083,250.2673
307.0000,398.7106,250.7590
307.0000,398.6131,251.2507
307.0000,398.5163,251.7425
307.0000,398.4195,252.2343
307.0000,398.3254,252.7267
307.0000,398.2313,253.2191
307.0000,398.1364,253.7113
307.0000,398.0411,254.2034
307.0000,397.9459,254.6955
307.0000,397.8508,255.1877
307.0000,397.7515,255.6790
307.0000,397.6500,256.1699
307.0000,397.5466,256.6604
307.0000,397.4427,257.1508
307.0000,397.3247,257.6379
307.0000,397.2032,258.1242
307.0000,397.0502,258.6013
307.0000,396.8916,259.0768
307.0000,396.7070,259.5429
307.0000,396.5205,260.0081
307.0000,396.3225,260.4686
307.0000,396.1211,260.9276
307.0000,395.9099,261.3822
307.0000,395.6964,261.8357
307.0000,395.4746,262.2853
307.0000,395.2523,262.7345
307.0000,395.0287,263.1831
307.0000,394.8122,263.6352
307.0000,394.6075,264.0927
307.0000,394.4066,264.5519
307.0000,394.2122,265.0140
307.0000,394.0261,265.4793
307.0000,393.8477,265.9478
307.0000,393.6787,266.4196
307.0000,393.5169,266.8940
307.0000,393.3689,267.3729
307.0000,393.2252,267.8531
307.0000,393.1006,268.3386
307.0000,392.9863,268.8265
307.0000,392.8881,269.3181
307.0000,392.7840,269.8084
307.0000,392.6775,270.2982
307.0000,392.5671,270.7872
307.0000,392.4484,271.2741
307.0000,392.3217,271.7591
307.0000,392.1963,272.2444
307.0000,392.0709,272.7297
307.0000,391.9409,273.2139
307.0000,391.8001,273.6948
307.0000,391.6454,274.1716
307.0000,391.4814,274.6452
307.0000,391.3117,275.1168
307.0000,391.1420,275.5885
307.0000,390.9723,276.0602
307.0000,390.7987,276.5304
307.0000,390.6237,277.0001
307.0000,390.4436,277.4679
307.0000,390.2603,277.9344
307.0000,390.0661,278.3965
307.0000,389.8803,278.8620
307.0000,389.7030,279.3309
307.0000,389.4905,279.7849
307.0000,389.2466,280.2217
307.0000,388.9535,280.6226
307.0000,388.5504,280.9142
307.0000,388.0600,281.0029
307.0000,387.5904,280.8421
307.0000,387.2565,280.4682
307.0000,387.0921,279.9957
307.0000,387.0077,279.5051
307.0000,386.9773,279.0056
307.0000,387.0321,278.5074
307.0000,387.1362,278.0201
307.0000,387.2976,277.5455
307.0000,387.4641,277.0727
307.0000,387.6330,276.6007
307.0000,387.8020,276.1288
307.0000,387.9264,275.6438
307.0000,388.0246,275.1528
307.0000,388.0908,274.6559
307.0000,388.1559,274.1589
307.0000,388.2203,273.6617
307.0000,388.2630,273.1623
307.0000,388.3039,272.6627
307.0000,388.3380,272.1626
307.0000,388.3769,271.6629
307.0000,388.4233,271.1638
307.0000,388.4675,270.6645
307.0000,388.5124,270.1653
307.0000,388.5786,269.6684
307.0000,388.6428,269.1713
307.0000,388.7042,268.6738
307.0000,388.7884,268.1797
307.0000,388.8910,267.6892
307.0000,389.0028,267.2006
307.0000,389.1191,266.7130
307.0000,389.2522,266.2313
307.0000,389.4785,265.7841
307.0000,389.6981,265.3336
307.0000,389.9154,264.8819
307.0000,390.1310,264.4295
307.0000,390.3340,263.9712
307.0000,390.5447,263.5164
307.0000,390.7610,263.0642
307.0000,390.9825,262.6145
307.0000,391.1980,262.1619
307.0000,391.4010,261.7037
307.0000,391.5954,261.2417
307.0000,391.7832,260.7770
307.0000,391.9642,260.3095
307.0000,392.1262,259.8354
307.0000,392.2797,259.3581
307.0000,392.4299,258.8799
307.0000,392.5797,258.4016
307.0000,392.7157,257.9191
307.0000,392.8483,257.4357
307.0000,392.9683,256.9491
307.0000,393.0845,256.4615
307.0000,393.1949,255.9726
307.0000,393.3063,255.4838
307.0000,393.4225,254.9962
307.0000,393.5340,254.5075
307.0000,393.6310,254.0158
307.0000,393.7211,253.5227
307.0000,393.8173,253.0308
307.0000,393.9197,252.5401
307.0000,394.0273,252.0505
307.0000,394.1404,251.5622
307.0000,394.2563,251.0745
307.0000,394.3821,250.5893
307.0000,394.5108,250.1049
307.0000,394.6437,249.6215
307.0000,394.7932,249.1433
307.0000,394.9536,248.6684
307.0000,395.1266,248.1979
307.0000,395.3001,247.7276
307.0000,395.4683,247.2554
307.0000,395.6353,246.7828
307.0000,395.7980,246.3087
307.0000,395.9662,245.8365
307.0000,396.1413,245.3669
307.0000,396.3059,244.8934
307.0000,396.4683,244.4192
307.0000,396.6272,243.9438
307.0000,396.7829,243.4673
307.0000,396.9338,242.9893
307.0000,397.0865,242.5119
307.0000,397.2385,242.0342
307.0000,397.3843,241.5546
307.0000,397.5294,241.0748
307.0000,397.6677,240.5931
307.0000,397.7967,240.1087
307.0000,397.9138,239.6213
307.0000,398.0273,239.1331
307.0000,398.1363,238.6438
307.0000,398.2463,238.1548
307.0000,398.3599,237.6666
307.0000,398.4852,237.1812
307.0000,398.6124,236.6964
307.0000,398.7417,236.2121
307.0000,398.8818,235.7308
307.0000,399.0244,235.2502
307.0000,399.1777,234.7731
307.0000,399.3438,234.3002
307.0000,399.5064,233.8261
307.0000,399.6673,233.3513
307.0000,399.8590,232.8883
307.0000,399.9949,232.4083
307.0000,399.8777,231.9372
307.0000,399.4861,231.6417
307.0000,399.0030,231.5099
307.0000,398.5081,231.4304
307.0000,398.0087,231.3877
307.0000,397.5080,231.3714
307.0000,397.0069,231.3756
307.0000,396.5064,231.4031
307.0000,396.0099,231.4708
307.0000,395.5114,231.5213
307.0000,395.0136,231.5797
307.0000,394.5201,231.6661
307.0000,394.0314,231.7768
307.0000,393.5541,231.9270
307.0000,393.0873,232.1095
307.0000,392.6220,232.2959
307.0000,392.1577,232.4849
307.0000,391.6979,232.6847
307.0000,391.2346,232.8759
307.0000,390.7821,233.0910
307.0000,390.3077,233.2499
307.0000,389.8165,233.3474
307.0000,389.3169,233.3249
307.0000,388.8382,233.1839
307.0000,388.3848,232.9734
307.0000,387.9610,232.7102
307.0000,387.5743,232.3912
307.0000,387.2347,232.0231
307.0000,386.9213,231.6333
307.0000,386.6417,231.2173
307.0000,386.3807,230.7895
307.0000,386.1459,230.3484
307.0000,385.9691,229.8794
307.0000,385.8161,229.4022
307.0000,385.6878,228.9185
307.0000,385.6018,228.4247
307.0000,385.5355,227.9279
307.0000,385.4878,227.4291
307.0000,385.4577,226.9288
307.0000,385.4425,226.4278
307.0000,385.4426,225.9266
307.0000,385.4477,225.4254
307.0000,385.4449,224.9242
307.0000,385.4449,224.4229
307.0000,385.4474,223.9216
307.0000,385.4564,223.4205
307.0000,385.4707,222.9194
307.0000,385.4902,222.4185
307.0000,385.5269,221.9188
307.0000,385.5680,221.4192
307.0000,385.5965,220.9188
307.0000,385.6104,220.4178
307.0000,385.6156,219.9166
307.0000,385.6008,219.4155
307.0000,385.5629,218.9163
307.0000,385.5004,218.4189
307.0000,385.3821,217.9319
307.0000,385.2346,217.4537
307.0000,385.0649,216.9824
307.0000,384.9339,216.4986
307.0000,384.7149,216.0480
307.0000,384.4319,215.6347
307.0000,384.0812,215.2840
307.0000,383.6149,215.3460
307.0000,383.2515,215.6826
307.0000,383.0357,216.1305
307.0000,382.9455,216.6223
307.0000,382.9816,217.1223
307.0000,383.0217,217.6220
307.0000,383.0649,218.1214
307.0000,383.1554,218.6137
307.0000,383.2592,219.1041
307.0000,383.4008,219.5845
307.0000,383.5535,220.0620
307.0000,383.7115,220.5377
307.0000,383.8728,221.0122
307.0000,384.0338,221.4869
307.0000,384.1946,221.9617
307.0000,384.3553,222.4366
307.0000,384.5159,222.9114
307.0000,384.6765,223.3862
307.0000,384.7987,223.8722
307.0000,384.9172,224.3593
307.0000,385.0220,224.8492
307.0000,385.1129,225.3422
307.0000,385.2032,225.8352
307.0000,385.2565,226.3337
307.0000,385.3097,226.8321
307.0000,385.3319,227.3322
307.0000,385.3326,227.8335
307.0000,385.3290,228.3346
307.0000,385.2902,228.8343
307.0000,385.2515,229.3341
307.0000,385.1835,229.8304
307.0000,385.1053,230.3256
307.0000,384.9986,230.8146
307.0000,384.8663,231.2981
307.0000,384.7142,231.7750
307.0000,384.5349,232.2432
307.0000,384.3529,232.7102
307.0000,384.1668,233.1756
307.0000,383.9690,233.6361
307.0000,383.7560,234.0897
307.0000,383.4714,234.4577
307.0000,383.3990,233.9622
307.0000,383.3503,233.4633
307.0000,383.3139,232.9634
307.0000,383.2717,232.4640
307.0000,383.2045,231.9673
307.0000,383.1372,231.4706
307.0000,383.0328,230.9806
307.0000,382.9201,230.4922
307.0000,382.7853,230.0103
307.0000,382.6141,229.5391
307.0000,382.4336,229.0722
307.0000,382.1947,228.6316
307.0000,381.9551,228.1913
307.0000,381.7102,227.7539
307.0000,381.4415,227.3334
307.0000,381.1095,226.9579
307.0000,380.6420,226.8687
307.0000,380.3067,227.2090
307.0000,380.2152,227.6890
307.0000,380.2433,228.1890
307.0000,380.3537,228.6780
307.0000,380.4794,229.1625
307.0000,380.6492,229.6341
307.0000,380.8226,230.1044
307.0000,381.0071,230.5704
307.0000,381.1961,231.0346
307.0000,381.4019,231.4917
307.0000,381.6189,231.9432
307.0000,381.8583,232.3836
307.0000,382.0200,232.8553
307.0000,381.8099,233.1816
307.0000,381.3428,233.0070
307.0000,380.9052,232.7628
307.0000,380.4828,232.4929
307.0000,380.0565,232.2292
307.0000,379.6142,231.9970
307.0000,379.1423,231.8631
307.0000,378.7721,232.0742
307.0000,378.7430,232.5608
307.0000,378.8297,233.0545
307.0000,378.9756,233.5338
307.0000,379.1254,234.0121
307.0000,379.2902,234.4855
307.0000,379.4558,234.9586
307.0000,379.6389,235.4251
307.0000,379.8284,235.8892
307.0000,380.0202,236.3523
307.0000,380.2169,236.8134
307.0000,380.4135,237.2744
307.0000,380.5888,237.7440
307.0000,380.7639,238.2138
307.0000,380.8814,238.7006
307.0000,380.9915,239.1896
307.0000,381.0352,239.6884
307.0000,381.0712,240.1884
307.0000,381.0572,240.6893
307.0000,381.0393,241.1902
307.0000,381.0159,241.6909
307.0000,380.9923,242.1916
307.0000,380.9614,242.6920
307.0000,380.9302,243.1923
307.0000,380.8969,243.6924
307.0000,380.8583,244.1921
307.0000,380.8070,244.6908
307.0000,380.7397,245.1874
307.0000,380.6576,245.6813
307.0000,380.5091,246.1601
307.0000,380.3006,246.6135
307.0000,380.0528,247.0488
307.0000,379.7694,247.4622
307.0000,379.4274,247.8223
307.0000,379.0380,248.1362
307.0000,378.5743,248.3265
307.0000,378.0839,248.3799
307.0000,377.6474,248.1857
307.0000,377.4354,247.7572
307.0000,377.3977,247.2660
307.0000,377.4534,246.7678
307.0000,377.5547,246.2775
307.0000,377.6682,245.7892
307.0000,377.7748,245.2995
307.0000,377.8791,244.8092
307.0000,377.9761,244.3175
307.0000,378.0624,243.8237
307.0000,378.1414,243.3291
307.0000,378.1679,242.8285
307.0000,378.1944,242.3279
307.0000,378.1038,241.8371
307.0000,377.9949,241.3478
307.0000,377.8120,240.8867
307.0000,377.5682,240.4487
307.0000,377.2750,240.0507
307.0000,376.8978,239.7205
307.0000,376.4702,239.4832
307.0000,375.9879,239.3468
307.0000,375.5025,239.4406
307.0000,375.0576,239.6463
307.0000,374.6678,239.9609
307.0000,374.4054,240.3880
307.0000,374.2232,240.8481
307.0000,374.1191,241.3371
307.0000,374.1477,241.8375
307.0000,374.2297,242.3294
307.0000,374.3616,242.8129
307.0000,374.5254,243.2866
307.0000,374.7027,243.7554
307.0000,374.8886,244.2209
307.0000,375.0860,244.6817
307.0000,375.2925,245.1383
307.0000,375.5083,245.5907
307.0000,375.6936,246.0558
307.0000,375.8615,246.5281
307.0000,376.0055,247.0078
307.0000,376.1308,247.4931
307.0000,376.1592,247.9909
307.0000,376.0232,248.3986
307.0000,375.5608,248.2075
307.0000,375.1205,247.9679
307.0000,374.6768,247.7348
307.0000,374.2315,247.5046
307.0000,373.7655,247.3237
307.0000,373.2894,247.1670
307.0000,372.7895,247.1602
307.0000,372.4765,247.4991
307.0000,372.5121,247.9970
307.0000,372.6356,248.4768
307.0000,372.8263,248.9404
307.0000,373.0712,249.3760
307.0000,373.3390,249.7997
307.0000,373.6586,250.1822
307.0000,374.0121,250.5375
307.0000,374.3602,250.8981
307.0000,374.7018,251.2649
307.0000,375.0120,251.6578
307.0000,375.2853,252.0758
307.0000,375.4831,252.5349
307.0000,375.6117,253.0194
307.0000,375.7241,253.5079
307.0000,375.7688,254.0071
307.0000,375.6585,254.4907
307.0000,375.2835,254.7977
307.0000,374.8050,254.7844
307.0000,374.3725,254.5466
307.0000,373.9934,254.2225
307.0000,373.6616,253.8468
307.0000,373.3826,253.4320
307.0000,373.1202,253.0049
307.0000,372.8522,252.5813
307.0000,372.5813,252.1596
307.0000,372.2894,251.7521
307.0000,371.9293,251.4101
307.0000,371.4848,251.2392
307.0000,371.0562,251.4232
307.0000,370.8092,251.8416
307.0000,370.6739,252.3218
307.0000,370.6192,252.8201
307.0000,370.6411,253.3178
307.0000,370.7031,253.8152
307.0000,370.8410,254.2962
307.0000,370.9919,254.7741
307.0000,371.1995,255.2304
307.0000,371.4100,255.6853
307.0000,371.6262,256.1375
307.0000,371.8496,256.5862
307.0000,372.0753,257.0338
307.0000,372.2905,257.4865
307.0000,372.4733,257.9526
307.0000,372.6087,258.4336
307.0000,372.5080,258.8199
307.0000,372.0746,258.5680
307.0000,371.6388,258.3204
307.0000,371.1904,258.0964
307.0000,370.7178,257.9383
307.0000,370.2307,257.9178
307.0000,369.9034,258.2219
307.0000,369.8974,258.7102
307.0000,369.9750,259.2047
307.0000,370.0959,259.6911
307.0000,370.2293,260.1740
307.0000,370.3849,260.6505
307.0000,370.5466,261.1248
307.0000,370.7283,261.5920
307.0000,370.9072,262.0602
307.0000,371.0768,262.5319
307.0000,371.2088,263.0147
307.0000,371.3190,263.5037
307.0000,371.4201,263.9946
307.0000,371.5351,264.4811
307.0000,371.2749,264.2661
307.0000,370.9842,263.8580
307.0000,370.7080,263.4399
307.0000,370.4458,263.0127
307.0000,370.1987,262.5767
307.0000,369.9600,262.1360
307.0000,369.7327,261.6894
307.0000,369.5134,261.2386
307.0000,369.3061,260.7825
307.0000,369.1152,260.3190
307.0000,368.9401,259.8499
307.0000,368.8000,259.3686
307.0000,368.6749,258.8839
307.0000,368.5891,258.3900
307.0000,368.5007,257.8966
307.0000,368.4065,257.4043
307.0000,368.3031,256.9140
307.0000,368.1844,256.4269
307.0000,368.0556,255.9426
307.0000,367.9212,255.4597
307.0000,367.7056,255.0073
307.0000,367.4721,254.5647
307.0000,367.1984,254.1448
307.0000,366.8781,253.7613
307.0000,366.5273,253.4058
307.0000,366.0936,253.1545
307.0000,365.6462,252.9327
307.0000,365.1740,252.7643
307.0000,364.6928,252.6272
307.0000,364.2041,252.5157
307.0000,363.7097,252.4358
307.0000,363.2129,252.3685
307.0000,362.7133,252.3292
307.0000,362.2138,252.3034
307.0000,361.7170,252.3705
307.0000,361.2198,252.4343
307.0000,360.7217,252.4769
307.0000,360.2545,252.3592
307.0000,360.1476,251.8999
307.0000,360.1881,251.4012
307.0000,360.3264,250.9194
307.0000,360.4859,250.4443
307.0000,360.6565,249.9731
307.0000,360.8576,249.5140
307.0000,361.0442,249.0492
307.0000,361.2066,248.5749
307.0000,361.3546,248.0960
307.0000,361.5062,247.6183
307.0000,361.6622,247.1419
307.0000,361.8227,246.6670
307.0000,361.9774,246.1902
307.0000,362.1247,245.7111
307.0000,362.2668,245.2304
307.0000,362.4063,244.7490
307.0000,362.5546,244.2702
307.0000,362.7141,243.7950
307.0000,362.9097,243.3340
307.0000,363.1163,242.8773
307.0000,363.3375,242.4275
307.0000,363.5629,241.9798
307.0000,363.7925,241.5342
307.0000,364.0263,241.0908
307.0000,364.2398,240.6373
307.0000,364.4536,240.1839
307.0000,364.6676,239.7306
307.0000,364.8811,239.2771
307.0000,365.0839,238.8189
307.0000,365.2733,238.3548
307.0000,365.4837,237.8998
307.0000,365.6955,237.4455
307.0000,365.8883,236.9832
307.0000,366.0617,236.5129
307.0000,366.2277,236.0399
307.0000,366.3895,235.5655
307.0000,366.5623,235.0952
307.0000,366.7520,234.6312
307.0000,366.9315,234.1632
307.0000,367.1069,233.6936
307.0000,367.2972,233.2300
307.0000,367.4903,232.7674
307.0000,367.6730,232.3006
307.0000,367.8552,231.8336
307.0000,368.0418,231.3684
307.0000,368.2302,230.9039
307.0000,368.4486,230.4528
307.0000,368.6654,230.0008
307.0000,368.8749,229.5454
307.0000,369.0901,229.0928
307.0000,369.3156,228.6451
307.0000,369.5522,228.2033
307.0000,369.7941,227.7642
307.0000,370.0591,227.3388
307.0000,370.3315,226.9184
307.0000,370.6462,226.5282
307.0000,370.9651,226.1416
307.0000,371.2970,225.7660
307.0000,371.6470,225.4078
307.0000,372.0103,225.0624
307.0000,372.3772,224.7208
307.0000,372.7515,224.3877
307.0000,373.1338,224.0635
307.0000,373.5134,223.7360
307.0000,373.8710,223.3853
307.0000,374.2140,223.0200
307.0000,374.5443,222.6429
307.0000,374.8258,222.2282
307.0000,375.0888,221.8021
307.0000,375.3316,221.3636
307.0000,375.5674,220.9212
307.0000,375.7874,220.4715
307.0000,375.9745,220.0064
307.0000,376.1605,219.5409
307.0000,376.3456,219.0751
307.0000,376.5091,218.6015
307.0000,376.6650,218.1251
307.0000,376.8230,217.6494
307.0000,376.9828,217.1742
307.0000,377.1450,216.6999
307.0000,377.3057,216.2252
307.0000,377.4663,215.7503
307.0000,377.6289,215.2761
307.0000,377.7996,214.8049
307.0000,377.9773,214.3362
307.0000,378.1765,213.8762
307.0000,378.3878,213.4218
307.0000,378.6261,212.9819
307.0000,378.9039,212.5647
307.0000,379.2291,212.1835
307.0000,379.5787,211.8249
307.0000,379.9470,211.4850
307.0000,380.3628,211.2083
307.0000,380.8292,211.0292
307.0000,381.3129,211.0529
307.0000,381.6780,211.3903
307.0000,381.6881,211.8620
307.0000,381.4557,212.3058
307.0000,381.2641,212.7687
307.0000,381.0726,213.2318
307.0000,380.8790,213.6941
307.0000,380.6880,214.1575
307.0000,380.4966,214.6208
307.0000,380.3206,215.0902
307.0000,380.1369,215.5565
307.0000,379.9416,216.0181
307.0000,379.7349,216.4747
307.0000,379.5191,216.9272
307.0000,379.2803,217.3678
307.0000,379.0268,217.8001
307.0000,378.7591,218.2238
307.0000,378.4797,218.6399
307.0000,378.1936,219.0515
307.0000,377.9191,219.4709
307.0000,377.6323,219.8820
307.0000,377.3534,220.2984
307.0000,377.0820,220.7198
307.0000,376.8111,221.1415
307.0000,376.5528,221.5710
307.0000,376.3035,222.0058
307.0000,376.0661,222.4474
307.0000,375.8250,222.8868
307.0000,375.5825,223.3255
307.0000,375.3578,223.7735
307.0000,375.1285,224.2193
307.0000,374.9115,224.6710
307.0000,374.7028,225.1268
307.0000,374.4683,225.5694
307.0000,374.2363,226.0138
307.0000,374.0164,226.4642
307.0000,373.8076,226.9198
307.0000,373.6100,227.3804
307.0000,373.4254,227.8464
307.0000,373.2462,228.3146
307.0000,373.0711,228.7842
307.0000,372.9124,229.2597
307.0000,372.7507,229.7342
307.0000,372.5861,230.2076
307.0000,372.4284,230.6834
307.0000,372.2731,231.1600
307.0000,372.1087,231.6335
307.0000,371.9350,232.1035
307.0000,371.7425,232.5664
307.0000,371.5516,233.0299
307.0000,371.3621,233.4939
307.0000,371.1781,233.9602
307.0000,370.9908,234.4251
307.0000,370.7992,234.8884
307.0000,370.6117,235.3532
307.0000,370.4258,235.8187
307.0000,370.2472,236.2871
307.0000,370.0667,236.7547
307.0000,369.8780,237.2191
307.0000,369.6905,237.6840
307.0000,369.5071,238.1505
307.0000,369.3260,238.6179
307.0000,369.1531,239.0884
307.0000,368.9799,239.5588
307.0000,368.8042,240.0282
307.0000,368.6285,240.4977
307.0000,368.4460,240.9645
307.0000,368.2626,241.4310
307.0000,368.0849,241.8997
307.0000,367.9089,242.3691
307.0000,367.7327,242.8384
307.0000,367.5563,243.3076
307.0000,367.3797,243.7767
307.0000,367.2022,244.2455
307.0000,367.0132,244.7097
307.0000,366.8224,245.1733
307.0000,366.6289,245.6357
307.0000,366.4202,246.0914
307.0000,366.2212,246.5514
307.0000,366.0264,247.0133
307.0000,365.8316,247.4752
307.0000,365.6357,247.9366
307.0000,365.4235,248.3906
307.0000,365.2172,248.8475
307.0000,365.0154,249.3064
307.0000,364.8192,249.7676
307.0000,364.6302,250.2318
307.0000,364.4495,250.6994
307.0000,364.2779,251.1703
305.9859,364.3038,251.2077
304.9804,364.3833,251.3221
303.9930,364.5175,251.5154
303.0332,364.7059,251.7868
302.1097,364.9462,252.1328
301.2293,365.2345,252.5479
300.3968,365.5658,253.0251
299.6148,365.9350,253.5567
298.8838,366.3368,254.1354
298.2031,366.7665,254.7542
297.5712,367.2198,255.4069
296.9856,367.6929,256.0883
296.4440,368.1827,256.7937
295.9439,368.6867,257.5195
295.4826,369.2027,258.2625
295.0579,369.7287,259.0201
294.6676,370.2634,259.7901
294.3098,370.8054,260.5706
293.9826,371.3537,261.3602
293.6845,371.9073,262.1575
293.4141,372.4656,262.9615
293.1701,373.0278,263.7711
292.9514,373.5933,264.5856
292.7571,374.1618,265.4042
292.5864,374.7327,266.2264
292.4384,375.3057,267.0516
292.3127,375.8804,267.8793
292.2086,376.4566,268.7089
292.1259,377.0338,269.5402
292.0641,377.6119,270.3728
292.0231,378.1906,271.2062
292.0026,378.7697,272.0401
292.0026,379.3489,272.8741
292.0231,379.9279,273.7080
292.0641,380.5066,274.5414
292.1259,381.0847,275.3740
292.2086,381.6620,276.2053
292.3127,382.2381,277.0349
292.4384,382.8128,277.8626
292.5864,383.3858,278.6878
292.7571,383.9567,279.5100
292.9514,384.5252,280.3286
293.1701,385.0908,281.1431
293.4141,385.6530,281.9527
293.6845,386.2112,282.7567
293.9826,386.7649,283.5540
294.3098,387.3131,284.3436
294.6676,387.8552,285.1241
295.0579,388.3898,285.8941
295.4826,388.9159,286.6517
295.9439,389.4318,287.3947
296.4440,389.9358,288.1205
296.9856,390.4257,288.8259
297.5712,390.8988,289.5073
298.2031,391.3520,290.1600
298.8838,391.7817,290.7788
299.6148,392.1835,291.3575
300.3968,392.5527,291.8891
301.2293,392.8841,292.3663
302.1097,393.1723,292.7814
303.0332,393.4126,293.1274
303.9930,393.6010,293.3988
304.9804,393.7353,293.5921
305.9859,393.8147,293.7065
307.0000,393.8406,293.7438
307.0000,394.0018,293.5499
307.0000,394.2576,293.1171
307.0000,394.4911,292.6719
307.0000,394.7081,292.2185
307.0000,394.9019,291.7545
307.0000,395.0842,291.2859
307.0000,395.2603,290.8149
307.0000,395.4331,290.3427
307.0000,395.5747,289.8604
307.0000,395.7100,289.3761
307.0000,395.8381,288.8899
307.0000,395.9429,288.3986
307.0000,396.0257,287.9027
307.0000,396.1067,287.4064
307.0000,396.1854,286.9098
307.0000,396.2610,286.4128
307.0000,396.3225,285.9137
307.0000,396.3840,285.4147
307.0000,396.4372,284.9147
307.0000,396.4895,284.4146
307.0000,396.5361,283.9139
307.0000,396.5815,283.4132
307.0000,396.6190,282.9118
307.0000,396.6589,282.4106
307.0000,396.7231,281.9119
307.0000,396.7935,281.4141
307.0000,396.8765,280.9182
307.0000,396.9657,280.4234
307.0000,397.0595,279.9294
307.0000,397.1674,279.4384
307.0000,397.2835,278.9492
307.0000,397.3951,278.4589
307.0000,397.5041,277.9680
307.0000,397.6267,277.4806
307.0000,397.7624,276.9964
307.0000,397.8990,276.5125
307.0000,398.0364,276.0288
307.0000,398.1836,275.5481
307.0000,398.3378,275.0695
307.0000,398.4904,274.5904
307.0000,398.6407,274.1106
307.0000,398.7807,273.6277
307.0000,398.9227,273.1453
307.0000,399.0604,272.6618
307.0000,399.1803,272.1735
307.0000,399.3010,271.6854
307.0000,399.4205,271.1970
307.0000,399.5343,270.7072
307.0000,399.6696,270.2231
307.0000,399.7922,269.7355
307.0000,399.9480,269.2576
307.0000,400.1025,268.7791
307.0000,400.2708,268.3054
307.0000,400.4235,267.8274
307.0000,400.5397,267.3383
307.0000,400.7051,266.8635
307.0000,401.1157,266.6137
307.0000,401.5705,266.7740
307.0000,401.9690,267.0784
307.0000,402.3496,267.4068
307.0000,402.7210,267.7459
307.0000,403.0928,268.0844
307.0000,403.4650,268.4224
307.0000,403.8415,268.7554
307.0000,404.2350,269.0684
307.0000,404.6286,269.3814
307.0000,405.0255,269.6900
307.0000,405.4255,269.9947
307.0000,405.8255,270.2994
307.0000,406.2294,270.5988
307.0000,406.6344,270.8969
307.0000,407.0383,271.1963
307.0000,407.4383,271.5010
307.0000,407.8383,271.8057
307.0000,408.2361,272.1133
307.0000,408.6323,272.4228
307.0000,409.0277,272.7334
307.0000,409.4157,273.0532
307.0000,409.8037,273.3731
307.0000,410.1807,273.7057
307.0000,410.5549,274.0415
307.0000,410.9271,274.3796
307.0000,411.2981,274.7190
307.0000,411.6617,275.0662
307.0000,412.0209,275.4180
307.0000,412.3780,275.7720
307.0000,412.7334,276.1277
307.0000,413.0919,276.4802
307.0000,413.4540,276.8292
307.0000,413.8115,277.1827
307.0000,414.1628,277.5424
307.0000,414.5152,277.9011
307.0000,414.8690,278.2584
307.0000,415.2249,278.6136
307.0000,415.5821,278.9674
307.0000,415.9301,279.3303
307.0000,416.2184,279.7407
307.0000,416.4500,280.1837
307.0000,416.6279,280.6540
307.0000,416.7582,281.1396
307.0000,416.8553,281.6323
307.0000,416.9301,282.1294
307.0000,416.9713,282.6306
307.0000,417.0040,283.1321
307.0000,417.0171,283.6348
307.0000,417.0403,284.1370
307.0000,417.0693,284.6390
307.0000,417.0935,285.1412
307.0000,417.0864,285.6434
307.0000,417.0566,286.1453
307.0000,417.0211,286.6469
307.0000,416.9823,287.1482
307.0000,416.9411,287.6493
307.0000,416.8935,288.1499
307.0000,416.8443,288.6503
307.0000,416.7922,289.1504
307.0000,416.7413,289.6506
307.0000,416.6909,290.1509
307.0000,416.6378,290.6509
307.0000,416.5822,291.1507
307.0000,416.5183,291.6494
307.0000,416.4523,292.1479
307.0000,416.3813,292.6456
307.0000,416.3020,293.1421
307.0000,416.2114,293.6367
307.0000,416.1149,294.1302
307.0000,416.0163,294.6233
307.0000,415.9072,295.1141
307.0000,415.7963,295.6045
307.0000,415.6807,296.0939
307.0000,415.5608,296.5822
307.0000,415.4408,297.0704
307.0000,415.3250,297.5597
307.0000,415.2093,298.0491
307.0000,415.0926,298.5382
307.0000,414.9749,299.0270
307.0000,414.8572,299.5159
307.0000,414.7416,300.0052
307.0000,414.6259,300.4946
307.0000,414.5171,300.9855
307.0000,414.4103,301.4768
307.0000,414.3210,301.9715
307.0000,414.2378,302.4674
307.0000,414.1931,302.9681
307.0000,414.1582,303.4696
307.0000,414.1368,303.9720
307.0000,414.1264,304.4747
307.0000,414.1524,304.9749
307.0000,414.2336,305.4711
307.0000,414.2705,305.9717
307.0000,414.2792,306.4742
307.0000,414.2551,306.9763
307.0000,414.0715,307.4301
307.0000,413.6038,307.5276
307.0000,413.1330,307.3614
307.0000,412.6944,307.1156
307.0000,412.2723,306.8434
307.0000,411.8607,306.5547
307.0000,411.4518,306.2622
307.0000,411.0564,305.9515
307.0000,410.6611,305.6408
307.0000,410.2670,305.3286
307.0000,409.8799,305.0077
307.0000,409.4928,304.6868
307.0000,409.1057,304.3659
307.0000,408.7180,304.0457
307.0000,408.3302,303.7255
307.0000,407.9425,303.4054
307.0000,407.5415,303.1021
307.0000,407.1395,302.8001
307.0000,406.7374,302.4981
307.0000,406.3314,302.2015
307.0000,405.9230,301.9082
307.0000,405.5146,301.6149
307.0000,405.1050,301.3233
307.0000,404.6937,301.0340
307.0000,404.2825,300.7447
307.0000,403.8672,300.4613
307.0000,403.4472,300.1849
307.0000,403.0271,299.9085
307.0000,402.6071,299.6321
307.0000,402.1871,299.3557
307.0000,401.7670,299.0793
307.0000,401.3450,298.8060
307.0000,400.9219,298.5343
307.0000,400.4988,298.2626
307.0000,400.0781,297.9871
307.0000,399.6583,297.7104
307.0000,399.2385,297.4337
307.0000,398.8169,297.1596
307.0000,398.3949,296.8863
307.0000,397.9729,296.6129
307.0000,397.5495,296.3416
307.0000,397.1262,296.0703
307.0000,396.7033,295.7983
307.0000,396.2805,295.5261
307.0000,395.8640,295.2444
307.0000,395.4467,294.9640
307.0000,395.0228,294.6936
307.0000,394.5630,294.5003
307.0000,394.1665,294.6984
307.0000,394.0036,295.1712
307.0000,393.9534,295.6692
307.0000,393.9625,296.1704
307.0000,394.0237,296.6695
307.0000,394.0826,297.1688
307.0000,394.1396,297.6684
307.0000,394.2145,298.1655
307.0000,394.2970,298.6615
307.0000,394.3912,299.1553
307.0000,394.4901,299.6483
307.0000,394.6000,300.1390
307.0000,394.7135,300.6288
307.0000,394.8297,301.1180
307.0000,394.9474,301.6069
307.0000,395.0533,302.0983
307.0000,395.1511,302.5915
307.0000,395.2397,303.0864
307.0000,395.3218,303.5825
307.0000,395.3793,304.0815
307.0000,395.4146,304.5830
307.0000,395.4597,305.0838
307.0000,395.5126,305.5838
307.0000,395.6646,306.0624
307.0000,396.0558,306.2972
307.0000,396.5277,306.1327
307.0000,396.9353,305.8382
307.0000,397.3381,305.5373
307.0000,397.7378,305.2323
307.0000,398.1242,304.9107
307.0000,398.5073,304.5851
307.0000,398.8928,304.2622
307.0000,399.2859,303.9491
307.0000,399.6942,303.6557
307.0000,400.1089,303.3714
307.0000,400.5538,303.1439
307.0000,401.0050,302.9242
307.0000,401.3471,302.5684
307.0000,401.4890,302.0903
